rosbagTimestamp,header,seq,stamp,secs,nsecs,frame_id,id,instance_id,active,heartbeat_timeout,heartbeat_period
1608810897552575933,,4854,,1608810897,523786454,'',"""/turtle4/cmd_vel_mux_ba28a586-ad65-4e67-9975-7590afa48f2a""","""26c1259a-821d-4025-b3f5-77b671833f04""",True,4.0,1.0
1608810897554344648,,1618,,1608810897,569453574,'',"""/turtle4/mobile_base_9f950c6a-e37b-4891-a6d0-c3afd5c0404e""","""0e89806e-706a-4666-aa9c-ba27ef27faa5""",True,4.0,1.0
1608810897631517070,,4855,,1608810897,639735338,'',"""/turtle4/bumper2pointcloud_df7354d4-943e-4488-8bde-6dd04e527832""","""c76687ca-c381-4438-b69d-835e0fb7b0fc""",True,4.0,1.0
1608810897636322734,,1617,,1608810897,642780669,'',"""/turtle4/cmd_vel_mux_ba28a586-ad65-4e67-9975-7590afa48f2a""","""9b749a99-2f98-4586-bb44-6c2de623f0f8""",True,4.0,1.0
1608810897720103913,,1618,,1608810897,740507739,'',"""/turtle4/bumper2pointcloud_df7354d4-943e-4488-8bde-6dd04e527832""","""d0367077-65e8-4d95-9e64-d75e89602529""",True,4.0,1.0
1608810898428182431,,4856,,1608810898,446007016,'',"""/turtle4/mobile_base_9f950c6a-e37b-4891-a6d0-c3afd5c0404e""","""0e8ffd81-36e6-496c-9349-5c6dc93af06e""",True,4.0,1.0
1608810898507434963,,4857,,1608810898,523869005,'',"""/turtle4/cmd_vel_mux_ba28a586-ad65-4e67-9975-7590afa48f2a""","""26c1259a-821d-4025-b3f5-77b671833f04""",True,4.0,1.0
1608810898554013441,,1619,,1608810898,569653669,'',"""/turtle4/mobile_base_9f950c6a-e37b-4891-a6d0-c3afd5c0404e""","""0e89806e-706a-4666-aa9c-ba27ef27faa5""",True,4.0,1.0
1608810898620289096,,4858,,1608810898,639344512,'',"""/turtle4/bumper2pointcloud_df7354d4-943e-4488-8bde-6dd04e527832""","""c76687ca-c381-4438-b69d-835e0fb7b0fc""",True,4.0,1.0
1608810898620324187,,1618,,1608810898,642701929,'',"""/turtle4/cmd_vel_mux_ba28a586-ad65-4e67-9975-7590afa48f2a""","""9b749a99-2f98-4586-bb44-6c2de623f0f8""",True,4.0,1.0
1608810898724442569,,1619,,1608810898,740509504,'',"""/turtle4/bumper2pointcloud_df7354d4-943e-4488-8bde-6dd04e527832""","""d0367077-65e8-4d95-9e64-d75e89602529""",True,4.0,1.0
1608810899436359188,,4859,,1608810899,446040600,'',"""/turtle4/mobile_base_9f950c6a-e37b-4891-a6d0-c3afd5c0404e""","""0e8ffd81-36e6-496c-9349-5c6dc93af06e""",True,4.0,1.0
1608810899511769242,,4860,,1608810899,523875174,'',"""/turtle4/cmd_vel_mux_ba28a586-ad65-4e67-9975-7590afa48f2a""","""26c1259a-821d-4025-b3f5-77b671833f04""",True,4.0,1.0
1608810899550835419,,1620,,1608810899,569660132,'',"""/turtle4/mobile_base_9f950c6a-e37b-4891-a6d0-c3afd5c0404e""","""0e89806e-706a-4666-aa9c-ba27ef27faa5""",True,4.0,1.0
1608810899619955252,,4861,,1608810899,639453353,'',"""/turtle4/bumper2pointcloud_df7354d4-943e-4488-8bde-6dd04e527832""","""c76687ca-c381-4438-b69d-835e0fb7b0fc""",True,4.0,1.0
1608810899619972860,,1619,,1608810899,642779854,'',"""/turtle4/cmd_vel_mux_ba28a586-ad65-4e67-9975-7590afa48f2a""","""9b749a99-2f98-4586-bb44-6c2de623f0f8""",True,4.0,1.0
1608810899724195928,,1620,,1608810899,740510723,'',"""/turtle4/bumper2pointcloud_df7354d4-943e-4488-8bde-6dd04e527832""","""d0367077-65e8-4d95-9e64-d75e89602529""",True,4.0,1.0
1608810900430165356,,4862,,1608810900,446057595,'',"""/turtle4/mobile_base_9f950c6a-e37b-4891-a6d0-c3afd5c0404e""","""0e8ffd81-36e6-496c-9349-5c6dc93af06e""",True,4.0,1.0
1608810900508914757,,4863,,1608810900,523742253,'',"""/turtle4/cmd_vel_mux_ba28a586-ad65-4e67-9975-7590afa48f2a""","""26c1259a-821d-4025-b3f5-77b671833f04""",True,4.0,1.0
1608810900549424032,,1621,,1608810900,569539462,'',"""/turtle4/mobile_base_9f950c6a-e37b-4891-a6d0-c3afd5c0404e""","""0e89806e-706a-4666-aa9c-ba27ef27faa5""",True,4.0,1.0
1608810900623829128,,4864,,1608810900,639430980,'',"""/turtle4/bumper2pointcloud_df7354d4-943e-4488-8bde-6dd04e527832""","""c76687ca-c381-4438-b69d-835e0fb7b0fc""",True,4.0,1.0
1608810900623904148,,1620,,1608810900,642774397,'',"""/turtle4/cmd_vel_mux_ba28a586-ad65-4e67-9975-7590afa48f2a""","""9b749a99-2f98-4586-bb44-6c2de623f0f8""",True,4.0,1.0
1608810900732363886,,1621,,1608810900,740494770,'',"""/turtle4/bumper2pointcloud_df7354d4-943e-4488-8bde-6dd04e527832""","""d0367077-65e8-4d95-9e64-d75e89602529""",True,4.0,1.0
1608810901432992022,,4865,,1608810901,446039625,'',"""/turtle4/mobile_base_9f950c6a-e37b-4891-a6d0-c3afd5c0404e""","""0e8ffd81-36e6-496c-9349-5c6dc93af06e""",True,4.0,1.0
1608810901519365211,,4866,,1608810901,523877121,'',"""/turtle4/cmd_vel_mux_ba28a586-ad65-4e67-9975-7590afa48f2a""","""26c1259a-821d-4025-b3f5-77b671833f04""",True,4.0,1.0
1608810901550405167,,1622,,1608810901,569660040,'',"""/turtle4/mobile_base_9f950c6a-e37b-4891-a6d0-c3afd5c0404e""","""0e89806e-706a-4666-aa9c-ba27ef27faa5""",True,4.0,1.0
1608810901625191378,,4867,,1608810901,639589477,'',"""/turtle4/bumper2pointcloud_df7354d4-943e-4488-8bde-6dd04e527832""","""c76687ca-c381-4438-b69d-835e0fb7b0fc""",True,4.0,1.0
1608810901625362066,,1621,,1608810901,642934937,'',"""/turtle4/cmd_vel_mux_ba28a586-ad65-4e67-9975-7590afa48f2a""","""9b749a99-2f98-4586-bb44-6c2de623f0f8""",True,4.0,1.0
1608810901733824379,,1622,,1608810901,740638396,'',"""/turtle4/bumper2pointcloud_df7354d4-943e-4488-8bde-6dd04e527832""","""d0367077-65e8-4d95-9e64-d75e89602529""",True,4.0,1.0
1608810902424855126,,4868,,1608810902,445914939,'',"""/turtle4/mobile_base_9f950c6a-e37b-4891-a6d0-c3afd5c0404e""","""0e8ffd81-36e6-496c-9349-5c6dc93af06e""",True,4.0,1.0
1608810902510270382,,4869,,1608810902,523753022,'',"""/turtle4/cmd_vel_mux_ba28a586-ad65-4e67-9975-7590afa48f2a""","""26c1259a-821d-4025-b3f5-77b671833f04""",True,4.0,1.0
1608810902555140312,,1623,,1608810902,569520192,'',"""/turtle4/mobile_base_9f950c6a-e37b-4891-a6d0-c3afd5c0404e""","""0e89806e-706a-4666-aa9c-ba27ef27faa5""",True,4.0,1.0
1608810902616796912,,4870,,1608810902,639430090,'',"""/turtle4/bumper2pointcloud_df7354d4-943e-4488-8bde-6dd04e527832""","""c76687ca-c381-4438-b69d-835e0fb7b0fc""",True,4.0,1.0
1608810902620208786,,1622,,1608810902,642776133,'',"""/turtle4/cmd_vel_mux_ba28a586-ad65-4e67-9975-7590afa48f2a""","""9b749a99-2f98-4586-bb44-6c2de623f0f8""",True,4.0,1.0
1608810902719177196,,1623,,1608810902,740506721,'',"""/turtle4/bumper2pointcloud_df7354d4-943e-4488-8bde-6dd04e527832""","""d0367077-65e8-4d95-9e64-d75e89602529""",True,4.0,1.0
1608810903453688902,,4871,,1608810903,446067085,'',"""/turtle4/mobile_base_9f950c6a-e37b-4891-a6d0-c3afd5c0404e""","""0e8ffd81-36e6-496c-9349-5c6dc93af06e""",True,4.0,1.0
1608810903509451549,,4872,,1608810903,523913628,'',"""/turtle4/cmd_vel_mux_ba28a586-ad65-4e67-9975-7590afa48f2a""","""26c1259a-821d-4025-b3f5-77b671833f04""",True,4.0,1.0
1608810903554568449,,1624,,1608810903,569639384,'',"""/turtle4/mobile_base_9f950c6a-e37b-4891-a6d0-c3afd5c0404e""","""0e89806e-706a-4666-aa9c-ba27ef27faa5""",True,4.0,1.0
1608810903625941524,,4873,,1608810903,639434365,'',"""/turtle4/bumper2pointcloud_df7354d4-943e-4488-8bde-6dd04e527832""","""c76687ca-c381-4438-b69d-835e0fb7b0fc""",True,4.0,1.0
1608810903627433072,,1623,,1608810903,642760283,'',"""/turtle4/cmd_vel_mux_ba28a586-ad65-4e67-9975-7590afa48f2a""","""9b749a99-2f98-4586-bb44-6c2de623f0f8""",True,4.0,1.0
1608810903721293801,,1624,,1608810903,740633501,'',"""/turtle4/bumper2pointcloud_df7354d4-943e-4488-8bde-6dd04e527832""","""d0367077-65e8-4d95-9e64-d75e89602529""",True,4.0,1.0
1608810904426250990,,4874,,1608810904,446085389,'',"""/turtle4/mobile_base_9f950c6a-e37b-4891-a6d0-c3afd5c0404e""","""0e8ffd81-36e6-496c-9349-5c6dc93af06e""",True,4.0,1.0
1608810904505032401,,4875,,1608810904,523890518,'',"""/turtle4/cmd_vel_mux_ba28a586-ad65-4e67-9975-7590afa48f2a""","""26c1259a-821d-4025-b3f5-77b671833f04""",True,4.0,1.0
1608810904566868701,,1625,,1608810904,569860695,'',"""/turtle4/mobile_base_9f950c6a-e37b-4891-a6d0-c3afd5c0404e""","""0e89806e-706a-4666-aa9c-ba27ef27faa5""",True,4.0,1.0
1608810904620489344,,4876,,1608810904,639588303,'',"""/turtle4/bumper2pointcloud_df7354d4-943e-4488-8bde-6dd04e527832""","""c76687ca-c381-4438-b69d-835e0fb7b0fc""",True,4.0,1.0
1608810904620582406,,1624,,1608810904,642906930,'',"""/turtle4/cmd_vel_mux_ba28a586-ad65-4e67-9975-7590afa48f2a""","""9b749a99-2f98-4586-bb44-6c2de623f0f8""",True,4.0,1.0
1608810904731237213,,1625,,1608810904,740643650,'',"""/turtle4/bumper2pointcloud_df7354d4-943e-4488-8bde-6dd04e527832""","""d0367077-65e8-4d95-9e64-d75e89602529""",True,4.0,1.0
1608810905434023973,,4877,,1608810905,445991145,'',"""/turtle4/mobile_base_9f950c6a-e37b-4891-a6d0-c3afd5c0404e""","""0e8ffd81-36e6-496c-9349-5c6dc93af06e""",True,4.0,1.0
1608810905504520772,,4878,,1608810905,523912653,'',"""/turtle4/cmd_vel_mux_ba28a586-ad65-4e67-9975-7590afa48f2a""","""26c1259a-821d-4025-b3f5-77b671833f04""",True,4.0,1.0
1608810905560581361,,1626,,1608810905,569625287,'',"""/turtle4/mobile_base_9f950c6a-e37b-4891-a6d0-c3afd5c0404e""","""0e89806e-706a-4666-aa9c-ba27ef27faa5""",True,4.0,1.0
1608810905621919330,,4879,,1608810905,639427565,'',"""/turtle4/bumper2pointcloud_df7354d4-943e-4488-8bde-6dd04e527832""","""c76687ca-c381-4438-b69d-835e0fb7b0fc""",True,4.0,1.0
1608810905622252345,,1625,,1608810905,642809484,'',"""/turtle4/cmd_vel_mux_ba28a586-ad65-4e67-9975-7590afa48f2a""","""9b749a99-2f98-4586-bb44-6c2de623f0f8""",True,4.0,1.0
1608810905731310642,,1626,,1608810905,740507707,'',"""/turtle4/bumper2pointcloud_df7354d4-943e-4488-8bde-6dd04e527832""","""d0367077-65e8-4d95-9e64-d75e89602529""",True,4.0,1.0
1608810906428510901,,4880,,1608810906,445894602,'',"""/turtle4/mobile_base_9f950c6a-e37b-4891-a6d0-c3afd5c0404e""","""0e8ffd81-36e6-496c-9349-5c6dc93af06e""",True,4.0,1.0
1608810906508625834,,4881,,1608810906,523752237,'',"""/turtle4/cmd_vel_mux_ba28a586-ad65-4e67-9975-7590afa48f2a""","""26c1259a-821d-4025-b3f5-77b671833f04""",True,4.0,1.0
1608810906562266847,,1627,,1608810906,569512415,'',"""/turtle4/mobile_base_9f950c6a-e37b-4891-a6d0-c3afd5c0404e""","""0e89806e-706a-4666-aa9c-ba27ef27faa5""",True,4.0,1.0
1608810906618336499,,4882,,1608810906,639427280,'',"""/turtle4/bumper2pointcloud_df7354d4-943e-4488-8bde-6dd04e527832""","""c76687ca-c381-4438-b69d-835e0fb7b0fc""",True,4.0,1.0
1608810906618443156,,1626,,1608810906,642785282,'',"""/turtle4/cmd_vel_mux_ba28a586-ad65-4e67-9975-7590afa48f2a""","""9b749a99-2f98-4586-bb44-6c2de623f0f8""",True,4.0,1.0
1608810906724962550,,1627,,1608810906,740520259,'',"""/turtle4/bumper2pointcloud_df7354d4-943e-4488-8bde-6dd04e527832""","""d0367077-65e8-4d95-9e64-d75e89602529""",True,4.0,1.0
1608810907429492684,,4883,,1608810907,446001388,'',"""/turtle4/mobile_base_9f950c6a-e37b-4891-a6d0-c3afd5c0404e""","""0e8ffd81-36e6-496c-9349-5c6dc93af06e""",True,4.0,1.0
1608810907506210322,,4884,,1608810907,524458118,'',"""/turtle4/cmd_vel_mux_ba28a586-ad65-4e67-9975-7590afa48f2a""","""26c1259a-821d-4025-b3f5-77b671833f04""",True,4.0,1.0
1608810907556636172,,1628,,1608810907,569659164,'',"""/turtle4/mobile_base_9f950c6a-e37b-4891-a6d0-c3afd5c0404e""","""0e89806e-706a-4666-aa9c-ba27ef27faa5""",True,4.0,1.0
1608810907616842158,,4885,,1608810907,639408947,'',"""/turtle4/bumper2pointcloud_df7354d4-943e-4488-8bde-6dd04e527832""","""c76687ca-c381-4438-b69d-835e0fb7b0fc""",True,4.0,1.0
1608810907625245445,,1627,,1608810907,642799616,'',"""/turtle4/cmd_vel_mux_ba28a586-ad65-4e67-9975-7590afa48f2a""","""9b749a99-2f98-4586-bb44-6c2de623f0f8""",True,4.0,1.0
1608810907717348315,,1628,,1608810907,740502221,'',"""/turtle4/bumper2pointcloud_df7354d4-943e-4488-8bde-6dd04e527832""","""d0367077-65e8-4d95-9e64-d75e89602529""",True,4.0,1.0
1608810908430602866,,4886,,1608810908,446019251,'',"""/turtle4/mobile_base_9f950c6a-e37b-4891-a6d0-c3afd5c0404e""","""0e8ffd81-36e6-496c-9349-5c6dc93af06e""",True,4.0,1.0
1608810908505213157,,4887,,1608810908,523879225,'',"""/turtle4/cmd_vel_mux_ba28a586-ad65-4e67-9975-7590afa48f2a""","""26c1259a-821d-4025-b3f5-77b671833f04""",True,4.0,1.0
1608810908557062530,,1629,,1608810908,569656905,'',"""/turtle4/mobile_base_9f950c6a-e37b-4891-a6d0-c3afd5c0404e""","""0e89806e-706a-4666-aa9c-ba27ef27faa5""",True,4.0,1.0
1608810908710462069,,4888,,1608810908,639594235,'',"""/turtle4/bumper2pointcloud_df7354d4-943e-4488-8bde-6dd04e527832""","""c76687ca-c381-4438-b69d-835e0fb7b0fc""",True,4.0,1.0
1608810908710507754,,1628,,1608810908,643027196,'',"""/turtle4/cmd_vel_mux_ba28a586-ad65-4e67-9975-7590afa48f2a""","""9b749a99-2f98-4586-bb44-6c2de623f0f8""",True,4.0,1.0
1608810908732870558,,1629,,1608810908,740662428,'',"""/turtle4/bumper2pointcloud_df7354d4-943e-4488-8bde-6dd04e527832""","""d0367077-65e8-4d95-9e64-d75e89602529""",True,4.0,1.0
1608810909424700697,,4889,,1608810909,446032773,'',"""/turtle4/mobile_base_9f950c6a-e37b-4891-a6d0-c3afd5c0404e""","""0e8ffd81-36e6-496c-9349-5c6dc93af06e""",True,4.0,1.0
1608810909515330378,,4890,,1608810909,523884291,'',"""/turtle4/cmd_vel_mux_ba28a586-ad65-4e67-9975-7590afa48f2a""","""26c1259a-821d-4025-b3f5-77b671833f04""",True,4.0,1.0
1608810909549238964,,1630,,1608810909,569657307,'',"""/turtle4/mobile_base_9f950c6a-e37b-4891-a6d0-c3afd5c0404e""","""0e89806e-706a-4666-aa9c-ba27ef27faa5""",True,4.0,1.0
1608810909627734604,,4891,,1608810909,639430136,'',"""/turtle4/bumper2pointcloud_df7354d4-943e-4488-8bde-6dd04e527832""","""c76687ca-c381-4438-b69d-835e0fb7b0fc""",True,4.0,1.0
1608810909627760820,,1629,,1608810909,642774138,'',"""/turtle4/cmd_vel_mux_ba28a586-ad65-4e67-9975-7590afa48f2a""","""9b749a99-2f98-4586-bb44-6c2de623f0f8""",True,4.0,1.0
1608810909722336405,,1630,,1608810909,740512334,'',"""/turtle4/bumper2pointcloud_df7354d4-943e-4488-8bde-6dd04e527832""","""d0367077-65e8-4d95-9e64-d75e89602529""",True,4.0,1.0
1608810910431662109,,4892,,1608810910,445895536,'',"""/turtle4/mobile_base_9f950c6a-e37b-4891-a6d0-c3afd5c0404e""","""0e8ffd81-36e6-496c-9349-5c6dc93af06e""",True,4.0,1.0
1608810910506998531,,4893,,1608810910,523875392,'',"""/turtle4/cmd_vel_mux_ba28a586-ad65-4e67-9975-7590afa48f2a""","""26c1259a-821d-4025-b3f5-77b671833f04""",True,4.0,1.0
1608810910565728685,,1631,,1608810910,569655118,'',"""/turtle4/mobile_base_9f950c6a-e37b-4891-a6d0-c3afd5c0404e""","""0e89806e-706a-4666-aa9c-ba27ef27faa5""",True,4.0,1.0
1608810910634509689,,4894,,1608810910,639579327,'',"""/turtle4/bumper2pointcloud_df7354d4-943e-4488-8bde-6dd04e527832""","""c76687ca-c381-4438-b69d-835e0fb7b0fc""",True,4.0,1.0
1608810910634576129,,1630,,1608810910,642936746,'',"""/turtle4/cmd_vel_mux_ba28a586-ad65-4e67-9975-7590afa48f2a""","""9b749a99-2f98-4586-bb44-6c2de623f0f8""",True,4.0,1.0
1608810910719623444,,1631,,1608810910,740525318,'',"""/turtle4/bumper2pointcloud_df7354d4-943e-4488-8bde-6dd04e527832""","""d0367077-65e8-4d95-9e64-d75e89602529""",True,4.0,1.0
1608810911424109271,,4895,,1608810911,445889002,'',"""/turtle4/mobile_base_9f950c6a-e37b-4891-a6d0-c3afd5c0404e""","""0e8ffd81-36e6-496c-9349-5c6dc93af06e""",True,4.0,1.0
1608810911516124808,,4896,,1608810911,523753360,'',"""/turtle4/cmd_vel_mux_ba28a586-ad65-4e67-9975-7590afa48f2a""","""26c1259a-821d-4025-b3f5-77b671833f04""",True,4.0,1.0
1608810911550912643,,1632,,1608810911,569523754,'',"""/turtle4/mobile_base_9f950c6a-e37b-4891-a6d0-c3afd5c0404e""","""0e89806e-706a-4666-aa9c-ba27ef27faa5""",True,4.0,1.0
1608810911621933005,,4897,,1608810911,639432215,'',"""/turtle4/bumper2pointcloud_df7354d4-943e-4488-8bde-6dd04e527832""","""c76687ca-c381-4438-b69d-835e0fb7b0fc""",True,4.0,1.0
1608810911621941635,,1631,,1608810911,642784967,'',"""/turtle4/cmd_vel_mux_ba28a586-ad65-4e67-9975-7590afa48f2a""","""9b749a99-2f98-4586-bb44-6c2de623f0f8""",True,4.0,1.0
1608810911718989104,,1632,,1608810911,740503919,'',"""/turtle4/bumper2pointcloud_df7354d4-943e-4488-8bde-6dd04e527832""","""d0367077-65e8-4d95-9e64-d75e89602529""",True,4.0,1.0
1608810912434188966,,4898,,1608810912,446037672,'',"""/turtle4/mobile_base_9f950c6a-e37b-4891-a6d0-c3afd5c0404e""","""0e8ffd81-36e6-496c-9349-5c6dc93af06e""",True,4.0,1.0
1608810912511280642,,4899,,1608810912,523876948,'',"""/turtle4/cmd_vel_mux_ba28a586-ad65-4e67-9975-7590afa48f2a""","""26c1259a-821d-4025-b3f5-77b671833f04""",True,4.0,1.0
1608810912555891576,,1633,,1608810912,569705969,'',"""/turtle4/mobile_base_9f950c6a-e37b-4891-a6d0-c3afd5c0404e""","""0e89806e-706a-4666-aa9c-ba27ef27faa5""",True,4.0,1.0
1608810912629888539,,4900,,1608810912,639560182,'',"""/turtle4/bumper2pointcloud_df7354d4-943e-4488-8bde-6dd04e527832""","""c76687ca-c381-4438-b69d-835e0fb7b0fc""",True,4.0,1.0
1608810912633088245,,1632,,1608810912,642963977,'',"""/turtle4/cmd_vel_mux_ba28a586-ad65-4e67-9975-7590afa48f2a""","""9b749a99-2f98-4586-bb44-6c2de623f0f8""",True,4.0,1.0
1608810912726230175,,1633,,1608810912,740516972,'',"""/turtle4/bumper2pointcloud_df7354d4-943e-4488-8bde-6dd04e527832""","""d0367077-65e8-4d95-9e64-d75e89602529""",True,4.0,1.0
1608810913424846822,,4901,,1608810913,446006998,'',"""/turtle4/mobile_base_9f950c6a-e37b-4891-a6d0-c3afd5c0404e""","""0e8ffd81-36e6-496c-9349-5c6dc93af06e""",True,4.0,1.0
1608810913519102182,,4902,,1608810913,523869028,'',"""/turtle4/cmd_vel_mux_ba28a586-ad65-4e67-9975-7590afa48f2a""","""26c1259a-821d-4025-b3f5-77b671833f04""",True,4.0,1.0
1608810913549300513,,1634,,1608810913,569643216,'',"""/turtle4/mobile_base_9f950c6a-e37b-4891-a6d0-c3afd5c0404e""","""0e89806e-706a-4666-aa9c-ba27ef27faa5""",True,4.0,1.0
1608810913628400214,,4903,,1608810913,639553432,'',"""/turtle4/bumper2pointcloud_df7354d4-943e-4488-8bde-6dd04e527832""","""c76687ca-c381-4438-b69d-835e0fb7b0fc""",True,4.0,1.0
1608810913628407647,,1633,,1608810913,643138063,'',"""/turtle4/cmd_vel_mux_ba28a586-ad65-4e67-9975-7590afa48f2a""","""9b749a99-2f98-4586-bb44-6c2de623f0f8""",True,4.0,1.0
1608810913724402944,,1634,,1608810913,740633602,'',"""/turtle4/bumper2pointcloud_df7354d4-943e-4488-8bde-6dd04e527832""","""d0367077-65e8-4d95-9e64-d75e89602529""",True,4.0,1.0
1608810914436692214,,4904,,1608810914,446028859,'',"""/turtle4/mobile_base_9f950c6a-e37b-4891-a6d0-c3afd5c0404e""","""0e8ffd81-36e6-496c-9349-5c6dc93af06e""",True,4.0,1.0
1608810914511965904,,4905,,1608810914,523879516,'',"""/turtle4/cmd_vel_mux_ba28a586-ad65-4e67-9975-7590afa48f2a""","""26c1259a-821d-4025-b3f5-77b671833f04""",True,4.0,1.0
1608810914564390291,,1635,,1608810914,569653998,'',"""/turtle4/mobile_base_9f950c6a-e37b-4891-a6d0-c3afd5c0404e""","""0e89806e-706a-4666-aa9c-ba27ef27faa5""",True,4.0,1.0
1608810914629129808,,4906,,1608810914,639572383,'',"""/turtle4/bumper2pointcloud_df7354d4-943e-4488-8bde-6dd04e527832""","""c76687ca-c381-4438-b69d-835e0fb7b0fc""",True,4.0,1.0
1608810914632198205,,1634,,1608810914,642907636,'',"""/turtle4/cmd_vel_mux_ba28a586-ad65-4e67-9975-7590afa48f2a""","""9b749a99-2f98-4586-bb44-6c2de623f0f8""",True,4.0,1.0
1608810914727119848,,1635,,1608810914,740517221,'',"""/turtle4/bumper2pointcloud_df7354d4-943e-4488-8bde-6dd04e527832""","""d0367077-65e8-4d95-9e64-d75e89602529""",True,4.0,1.0
1608810915449489858,,4907,,1608810915,446025380,'',"""/turtle4/mobile_base_9f950c6a-e37b-4891-a6d0-c3afd5c0404e""","""0e8ffd81-36e6-496c-9349-5c6dc93af06e""",True,4.0,1.0
1608810915507660443,,4908,,1608810915,524990804,'',"""/turtle4/cmd_vel_mux_ba28a586-ad65-4e67-9975-7590afa48f2a""","""26c1259a-821d-4025-b3f5-77b671833f04""",True,4.0,1.0
1608810915553084950,,1636,,1608810915,569796650,'',"""/turtle4/mobile_base_9f950c6a-e37b-4891-a6d0-c3afd5c0404e""","""0e89806e-706a-4666-aa9c-ba27ef27faa5""",True,4.0,1.0
1608810915621755249,,4909,,1608810915,639562494,'',"""/turtle4/bumper2pointcloud_df7354d4-943e-4488-8bde-6dd04e527832""","""c76687ca-c381-4438-b69d-835e0fb7b0fc""",True,4.0,1.0
1608810915633685778,,1635,,1608810915,642893079,'',"""/turtle4/cmd_vel_mux_ba28a586-ad65-4e67-9975-7590afa48f2a""","""9b749a99-2f98-4586-bb44-6c2de623f0f8""",True,4.0,1.0
1608810915724725349,,1636,,1608810915,740640628,'',"""/turtle4/bumper2pointcloud_df7354d4-943e-4488-8bde-6dd04e527832""","""d0367077-65e8-4d95-9e64-d75e89602529""",True,4.0,1.0
1608810916429227935,,4910,,1608810916,446035351,'',"""/turtle4/mobile_base_9f950c6a-e37b-4891-a6d0-c3afd5c0404e""","""0e8ffd81-36e6-496c-9349-5c6dc93af06e""",True,4.0,1.0
1608810916511387055,,4911,,1608810916,523908181,'',"""/turtle4/cmd_vel_mux_ba28a586-ad65-4e67-9975-7590afa48f2a""","""26c1259a-821d-4025-b3f5-77b671833f04""",True,4.0,1.0
1608810916550143322,,1637,,1608810916,569521663,'',"""/turtle4/mobile_base_9f950c6a-e37b-4891-a6d0-c3afd5c0404e""","""0e89806e-706a-4666-aa9c-ba27ef27faa5""",True,4.0,1.0
1608810916633388684,,4912,,1608810916,639438303,'',"""/turtle4/bumper2pointcloud_df7354d4-943e-4488-8bde-6dd04e527832""","""c76687ca-c381-4438-b69d-835e0fb7b0fc""",True,4.0,1.0
1608810916633553125,,1636,,1608810916,642782598,'',"""/turtle4/cmd_vel_mux_ba28a586-ad65-4e67-9975-7590afa48f2a""","""9b749a99-2f98-4586-bb44-6c2de623f0f8""",True,4.0,1.0
1608810916724369107,,1637,,1608810916,740516442,'',"""/turtle4/bumper2pointcloud_df7354d4-943e-4488-8bde-6dd04e527832""","""d0367077-65e8-4d95-9e64-d75e89602529""",True,4.0,1.0
1608810917428085294,,4913,,1608810917,446047106,'',"""/turtle4/mobile_base_9f950c6a-e37b-4891-a6d0-c3afd5c0404e""","""0e8ffd81-36e6-496c-9349-5c6dc93af06e""",True,4.0,1.0
1608810917507041964,,4914,,1608810917,523883479,'',"""/turtle4/cmd_vel_mux_ba28a586-ad65-4e67-9975-7590afa48f2a""","""26c1259a-821d-4025-b3f5-77b671833f04""",True,4.0,1.0
1608810917552118261,,1638,,1608810917,569640174,'',"""/turtle4/mobile_base_9f950c6a-e37b-4891-a6d0-c3afd5c0404e""","""0e89806e-706a-4666-aa9c-ba27ef27faa5""",True,4.0,1.0
1608810917634469429,,4915,,1608810917,639441315,'',"""/turtle4/bumper2pointcloud_df7354d4-943e-4488-8bde-6dd04e527832""","""c76687ca-c381-4438-b69d-835e0fb7b0fc""",True,4.0,1.0
1608810917634744056,,1637,,1608810917,642781818,'',"""/turtle4/cmd_vel_mux_ba28a586-ad65-4e67-9975-7590afa48f2a""","""9b749a99-2f98-4586-bb44-6c2de623f0f8""",True,4.0,1.0
1608810917719498219,,1638,,1608810917,740519165,'',"""/turtle4/bumper2pointcloud_df7354d4-943e-4488-8bde-6dd04e527832""","""d0367077-65e8-4d95-9e64-d75e89602529""",True,4.0,1.0
1608810918439463088,,4916,,1608810918,446033228,'',"""/turtle4/mobile_base_9f950c6a-e37b-4891-a6d0-c3afd5c0404e""","""0e8ffd81-36e6-496c-9349-5c6dc93af06e""",True,4.0,1.0
1608810918521634640,,4917,,1608810918,523878646,'',"""/turtle4/cmd_vel_mux_ba28a586-ad65-4e67-9975-7590afa48f2a""","""26c1259a-821d-4025-b3f5-77b671833f04""",True,4.0,1.0
1608810918562971638,,1639,,1608810918,569655175,'',"""/turtle4/mobile_base_9f950c6a-e37b-4891-a6d0-c3afd5c0404e""","""0e89806e-706a-4666-aa9c-ba27ef27faa5""",True,4.0,1.0
1608810918636820674,,4918,,1608810918,639551986,'',"""/turtle4/bumper2pointcloud_df7354d4-943e-4488-8bde-6dd04e527832""","""c76687ca-c381-4438-b69d-835e0fb7b0fc""",True,4.0,1.0
1608810918636951887,,1638,,1608810918,642896281,'',"""/turtle4/cmd_vel_mux_ba28a586-ad65-4e67-9975-7590afa48f2a""","""9b749a99-2f98-4586-bb44-6c2de623f0f8""",True,4.0,1.0
1608810918732469092,,1639,,1608810918,740641798,'',"""/turtle4/bumper2pointcloud_df7354d4-943e-4488-8bde-6dd04e527832""","""d0367077-65e8-4d95-9e64-d75e89602529""",True,4.0,1.0
1608810919436258351,,4919,,1608810919,446037467,'',"""/turtle4/mobile_base_9f950c6a-e37b-4891-a6d0-c3afd5c0404e""","""0e8ffd81-36e6-496c-9349-5c6dc93af06e""",True,4.0,1.0
1608810919506319880,,4920,,1608810919,523753969,'',"""/turtle4/cmd_vel_mux_ba28a586-ad65-4e67-9975-7590afa48f2a""","""26c1259a-821d-4025-b3f5-77b671833f04""",True,4.0,1.0
1608810919553606931,,1640,,1608810919,569531083,'',"""/turtle4/mobile_base_9f950c6a-e37b-4891-a6d0-c3afd5c0404e""","""0e89806e-706a-4666-aa9c-ba27ef27faa5""",True,4.0,1.0
1608810919621733747,,4921,,1608810919,639429063,'',"""/turtle4/bumper2pointcloud_df7354d4-943e-4488-8bde-6dd04e527832""","""c76687ca-c381-4438-b69d-835e0fb7b0fc""",True,4.0,1.0
1608810919622167614,,1639,,1608810919,642772775,'',"""/turtle4/cmd_vel_mux_ba28a586-ad65-4e67-9975-7590afa48f2a""","""9b749a99-2f98-4586-bb44-6c2de623f0f8""",True,4.0,1.0
1608810919720187692,,1640,,1608810919,740508670,'',"""/turtle4/bumper2pointcloud_df7354d4-943e-4488-8bde-6dd04e527832""","""d0367077-65e8-4d95-9e64-d75e89602529""",True,4.0,1.0
1608810920437767746,,4922,,1608810920,446031240,'',"""/turtle4/mobile_base_9f950c6a-e37b-4891-a6d0-c3afd5c0404e""","""0e8ffd81-36e6-496c-9349-5c6dc93af06e""",True,4.0,1.0
1608810920508203000,,4923,,1608810920,523881621,'',"""/turtle4/cmd_vel_mux_ba28a586-ad65-4e67-9975-7590afa48f2a""","""26c1259a-821d-4025-b3f5-77b671833f04""",True,4.0,1.0
1608810920560184291,,1641,,1608810920,569667779,'',"""/turtle4/mobile_base_9f950c6a-e37b-4891-a6d0-c3afd5c0404e""","""0e89806e-706a-4666-aa9c-ba27ef27faa5""",True,4.0,1.0
1608810920616292591,,4924,,1608810920,639557594,'',"""/turtle4/bumper2pointcloud_df7354d4-943e-4488-8bde-6dd04e527832""","""c76687ca-c381-4438-b69d-835e0fb7b0fc""",True,4.0,1.0
1608810920620712621,,1640,,1608810920,642889056,'',"""/turtle4/cmd_vel_mux_ba28a586-ad65-4e67-9975-7590afa48f2a""","""9b749a99-2f98-4586-bb44-6c2de623f0f8""",True,4.0,1.0
1608810920721594542,,1641,,1608810920,740636330,'',"""/turtle4/bumper2pointcloud_df7354d4-943e-4488-8bde-6dd04e527832""","""d0367077-65e8-4d95-9e64-d75e89602529""",True,4.0,1.0
1608810921428793660,,4925,,1608810921,446029129,'',"""/turtle4/mobile_base_9f950c6a-e37b-4891-a6d0-c3afd5c0404e""","""0e8ffd81-36e6-496c-9349-5c6dc93af06e""",True,4.0,1.0
1608810921515556870,,4926,,1608810921,523763719,'',"""/turtle4/cmd_vel_mux_ba28a586-ad65-4e67-9975-7590afa48f2a""","""26c1259a-821d-4025-b3f5-77b671833f04""",True,4.0,1.0
1608810921567764150,,1642,,1608810921,569514878,'',"""/turtle4/mobile_base_9f950c6a-e37b-4891-a6d0-c3afd5c0404e""","""0e89806e-706a-4666-aa9c-ba27ef27faa5""",True,4.0,1.0
1608810921621660361,,4927,,1608810921,639549073,'',"""/turtle4/bumper2pointcloud_df7354d4-943e-4488-8bde-6dd04e527832""","""c76687ca-c381-4438-b69d-835e0fb7b0fc""",True,4.0,1.0
1608810921630490646,,1641,,1608810921,642911452,'',"""/turtle4/cmd_vel_mux_ba28a586-ad65-4e67-9975-7590afa48f2a""","""9b749a99-2f98-4586-bb44-6c2de623f0f8""",True,4.0,1.0
1608810921723596536,,1642,,1608810921,740648521,'',"""/turtle4/bumper2pointcloud_df7354d4-943e-4488-8bde-6dd04e527832""","""d0367077-65e8-4d95-9e64-d75e89602529""",True,4.0,1.0
1608810922432394324,,4928,,1608810922,446057385,'',"""/turtle4/mobile_base_9f950c6a-e37b-4891-a6d0-c3afd5c0404e""","""0e8ffd81-36e6-496c-9349-5c6dc93af06e""",True,4.0,1.0
1608810922512867680,,4929,,1608810922,523878896,'',"""/turtle4/cmd_vel_mux_ba28a586-ad65-4e67-9975-7590afa48f2a""","""26c1259a-821d-4025-b3f5-77b671833f04""",True,4.0,1.0
1608810922548618722,,1643,,1608810922,569664473,'',"""/turtle4/mobile_base_9f950c6a-e37b-4891-a6d0-c3afd5c0404e""","""0e89806e-706a-4666-aa9c-ba27ef27faa5""",True,4.0,1.0
1608810922622653558,,1642,,1608810922,642954006,'',"""/turtle4/cmd_vel_mux_ba28a586-ad65-4e67-9975-7590afa48f2a""","""9b749a99-2f98-4586-bb44-6c2de623f0f8""",True,4.0,1.0
1608810922623124712,,4930,,1608810922,639605628,'',"""/turtle4/bumper2pointcloud_df7354d4-943e-4488-8bde-6dd04e527832""","""c76687ca-c381-4438-b69d-835e0fb7b0fc""",True,4.0,1.0
1608810922716287127,,1643,,1608810922,740492742,'',"""/turtle4/bumper2pointcloud_df7354d4-943e-4488-8bde-6dd04e527832""","""d0367077-65e8-4d95-9e64-d75e89602529""",True,4.0,1.0
1608810923429901012,,4931,,1608810923,446049507,'',"""/turtle4/mobile_base_9f950c6a-e37b-4891-a6d0-c3afd5c0404e""","""0e8ffd81-36e6-496c-9349-5c6dc93af06e""",True,4.0,1.0
1608810923512770568,,4932,,1608810923,524461070,'',"""/turtle4/cmd_vel_mux_ba28a586-ad65-4e67-9975-7590afa48f2a""","""26c1259a-821d-4025-b3f5-77b671833f04""",True,4.0,1.0
1608810923553808938,,1644,,1608810923,569658349,'',"""/turtle4/mobile_base_9f950c6a-e37b-4891-a6d0-c3afd5c0404e""","""0e89806e-706a-4666-aa9c-ba27ef27faa5""",True,4.0,1.0
1608810923628278453,,4933,,1608810923,639431795,'',"""/turtle4/bumper2pointcloud_df7354d4-943e-4488-8bde-6dd04e527832""","""c76687ca-c381-4438-b69d-835e0fb7b0fc""",True,4.0,1.0
1608810923628499472,,1643,,1608810923,642793591,'',"""/turtle4/cmd_vel_mux_ba28a586-ad65-4e67-9975-7590afa48f2a""","""9b749a99-2f98-4586-bb44-6c2de623f0f8""",True,4.0,1.0
1608810923729047345,,1644,,1608810923,740511707,'',"""/turtle4/bumper2pointcloud_df7354d4-943e-4488-8bde-6dd04e527832""","""d0367077-65e8-4d95-9e64-d75e89602529""",True,4.0,1.0
1608810924445292856,,4934,,1608810924,446023870,'',"""/turtle4/mobile_base_9f950c6a-e37b-4891-a6d0-c3afd5c0404e""","""0e8ffd81-36e6-496c-9349-5c6dc93af06e""",True,4.0,1.0
1608810924506846089,,4935,,1608810924,523884761,'',"""/turtle4/cmd_vel_mux_ba28a586-ad65-4e67-9975-7590afa48f2a""","""26c1259a-821d-4025-b3f5-77b671833f04""",True,4.0,1.0
1608810924552653441,,1645,,1608810924,569633591,'',"""/turtle4/mobile_base_9f950c6a-e37b-4891-a6d0-c3afd5c0404e""","""0e89806e-706a-4666-aa9c-ba27ef27faa5""",True,4.0,1.0
1608810924621996188,,4936,,1608810924,639535666,'',"""/turtle4/bumper2pointcloud_df7354d4-943e-4488-8bde-6dd04e527832""","""c76687ca-c381-4438-b69d-835e0fb7b0fc""",True,4.0,1.0
1608810924631829963,,1644,,1608810924,642918462,'',"""/turtle4/cmd_vel_mux_ba28a586-ad65-4e67-9975-7590afa48f2a""","""9b749a99-2f98-4586-bb44-6c2de623f0f8""",True,4.0,1.0
1608810924723717973,,1645,,1608810924,740555497,'',"""/turtle4/bumper2pointcloud_df7354d4-943e-4488-8bde-6dd04e527832""","""d0367077-65e8-4d95-9e64-d75e89602529""",True,4.0,1.0
1608810925422497705,,4937,,1608810925,445805180,'',"""/turtle4/mobile_base_9f950c6a-e37b-4891-a6d0-c3afd5c0404e""","""0e8ffd81-36e6-496c-9349-5c6dc93af06e""",True,4.0,1.0
1608810925511604272,,4938,,1608810925,523756200,'',"""/turtle4/cmd_vel_mux_ba28a586-ad65-4e67-9975-7590afa48f2a""","""26c1259a-821d-4025-b3f5-77b671833f04""",True,4.0,1.0
1608810925551440571,,1646,,1608810925,569516698,'',"""/turtle4/mobile_base_9f950c6a-e37b-4891-a6d0-c3afd5c0404e""","""0e89806e-706a-4666-aa9c-ba27ef27faa5""",True,4.0,1.0
1608810925621567764,,4939,,1608810925,639428401,'',"""/turtle4/bumper2pointcloud_df7354d4-943e-4488-8bde-6dd04e527832""","""c76687ca-c381-4438-b69d-835e0fb7b0fc""",True,4.0,1.0
1608810925621807138,,1645,,1608810925,642799238,'',"""/turtle4/cmd_vel_mux_ba28a586-ad65-4e67-9975-7590afa48f2a""","""9b749a99-2f98-4586-bb44-6c2de623f0f8""",True,4.0,1.0
1608810925721897417,,1646,,1608810925,740519403,'',"""/turtle4/bumper2pointcloud_df7354d4-943e-4488-8bde-6dd04e527832""","""d0367077-65e8-4d95-9e64-d75e89602529""",True,4.0,1.0
1608810926423781137,,4940,,1608810926,445900360,'',"""/turtle4/mobile_base_9f950c6a-e37b-4891-a6d0-c3afd5c0404e""","""0e8ffd81-36e6-496c-9349-5c6dc93af06e""",True,4.0,1.0
1608810926518338284,,4941,,1608810926,523742298,'',"""/turtle4/cmd_vel_mux_ba28a586-ad65-4e67-9975-7590afa48f2a""","""26c1259a-821d-4025-b3f5-77b671833f04""",True,4.0,1.0
1608810926549372047,,1647,,1608810926,569528756,'',"""/turtle4/mobile_base_9f950c6a-e37b-4891-a6d0-c3afd5c0404e""","""0e89806e-706a-4666-aa9c-ba27ef27faa5""",True,4.0,1.0
1608810926626787700,,4942,,1608810926,639441336,'',"""/turtle4/bumper2pointcloud_df7354d4-943e-4488-8bde-6dd04e527832""","""c76687ca-c381-4438-b69d-835e0fb7b0fc""",True,4.0,1.0
1608810926626794482,,1646,,1608810926,642786798,'',"""/turtle4/cmd_vel_mux_ba28a586-ad65-4e67-9975-7590afa48f2a""","""9b749a99-2f98-4586-bb44-6c2de623f0f8""",True,4.0,1.0
1608810926722931891,,1647,,1608810926,740619843,'',"""/turtle4/bumper2pointcloud_df7354d4-943e-4488-8bde-6dd04e527832""","""d0367077-65e8-4d95-9e64-d75e89602529""",True,4.0,1.0
1608810927421331251,,4943,,1608810927,445927613,'',"""/turtle4/mobile_base_9f950c6a-e37b-4891-a6d0-c3afd5c0404e""","""0e8ffd81-36e6-496c-9349-5c6dc93af06e""",True,4.0,1.0
1608810927506349965,,4944,,1608810927,523758178,'',"""/turtle4/cmd_vel_mux_ba28a586-ad65-4e67-9975-7590afa48f2a""","""26c1259a-821d-4025-b3f5-77b671833f04""",True,4.0,1.0
1608810927551686553,,1648,,1608810927,569518971,'',"""/turtle4/mobile_base_9f950c6a-e37b-4891-a6d0-c3afd5c0404e""","""0e89806e-706a-4666-aa9c-ba27ef27faa5""",True,4.0,1.0
1608810927623775874,,4945,,1608810927,639444095,'',"""/turtle4/bumper2pointcloud_df7354d4-943e-4488-8bde-6dd04e527832""","""c76687ca-c381-4438-b69d-835e0fb7b0fc""",True,4.0,1.0
1608810927624060265,,1647,,1608810927,642769724,'',"""/turtle4/cmd_vel_mux_ba28a586-ad65-4e67-9975-7590afa48f2a""","""9b749a99-2f98-4586-bb44-6c2de623f0f8""",True,4.0,1.0
1608810927720896567,,1648,,1608810927,740641272,'',"""/turtle4/bumper2pointcloud_df7354d4-943e-4488-8bde-6dd04e527832""","""d0367077-65e8-4d95-9e64-d75e89602529""",True,4.0,1.0
1608810928426913685,,4946,,1608810928,446001566,'',"""/turtle4/mobile_base_9f950c6a-e37b-4891-a6d0-c3afd5c0404e""","""0e8ffd81-36e6-496c-9349-5c6dc93af06e""",True,4.0,1.0
1608810928511911402,,4947,,1608810928,523892218,'',"""/turtle4/cmd_vel_mux_ba28a586-ad65-4e67-9975-7590afa48f2a""","""26c1259a-821d-4025-b3f5-77b671833f04""",True,4.0,1.0
1608810928550770814,,1649,,1608810928,569647471,'',"""/turtle4/mobile_base_9f950c6a-e37b-4891-a6d0-c3afd5c0404e""","""0e89806e-706a-4666-aa9c-ba27ef27faa5""",True,4.0,1.0
1608810928629515478,,4948,,1608810928,639573763,'',"""/turtle4/bumper2pointcloud_df7354d4-943e-4488-8bde-6dd04e527832""","""c76687ca-c381-4438-b69d-835e0fb7b0fc""",True,4.0,1.0
1608810928630668975,,1648,,1608810928,642900267,'',"""/turtle4/cmd_vel_mux_ba28a586-ad65-4e67-9975-7590afa48f2a""","""9b749a99-2f98-4586-bb44-6c2de623f0f8""",True,4.0,1.0
1608810928729208989,,1649,,1608810928,740992905,'',"""/turtle4/bumper2pointcloud_df7354d4-943e-4488-8bde-6dd04e527832""","""d0367077-65e8-4d95-9e64-d75e89602529""",True,4.0,1.0
1608810929499709801,,4949,,1608810929,445991550,'',"""/turtle4/mobile_base_9f950c6a-e37b-4891-a6d0-c3afd5c0404e""","""0e8ffd81-36e6-496c-9349-5c6dc93af06e""",True,4.0,1.0
1608810929528758622,,4950,,1608810929,523855371,'',"""/turtle4/cmd_vel_mux_ba28a586-ad65-4e67-9975-7590afa48f2a""","""26c1259a-821d-4025-b3f5-77b671833f04""",True,4.0,1.0
1608810929559835093,,1650,,1608810929,569647376,'',"""/turtle4/mobile_base_9f950c6a-e37b-4891-a6d0-c3afd5c0404e""","""0e89806e-706a-4666-aa9c-ba27ef27faa5""",True,4.0,1.0
1608810929634530801,,4951,,1608810929,639351126,'',"""/turtle4/bumper2pointcloud_df7354d4-943e-4488-8bde-6dd04e527832""","""c76687ca-c381-4438-b69d-835e0fb7b0fc""",True,4.0,1.0
1608810929634549032,,1649,,1608810929,642716423,'',"""/turtle4/cmd_vel_mux_ba28a586-ad65-4e67-9975-7590afa48f2a""","""9b749a99-2f98-4586-bb44-6c2de623f0f8""",True,4.0,1.0
1608810929727305458,,1650,,1608810929,740557060,'',"""/turtle4/bumper2pointcloud_df7354d4-943e-4488-8bde-6dd04e527832""","""d0367077-65e8-4d95-9e64-d75e89602529""",True,4.0,1.0
1608810930457422590,,4952,,1608810930,445997317,'',"""/turtle4/mobile_base_9f950c6a-e37b-4891-a6d0-c3afd5c0404e""","""0e8ffd81-36e6-496c-9349-5c6dc93af06e""",True,4.0,1.0
1608810930508557341,,4953,,1608810930,523766348,'',"""/turtle4/cmd_vel_mux_ba28a586-ad65-4e67-9975-7590afa48f2a""","""26c1259a-821d-4025-b3f5-77b671833f04""",True,4.0,1.0
1608810930558668914,,1651,,1608810930,569535312,'',"""/turtle4/mobile_base_9f950c6a-e37b-4891-a6d0-c3afd5c0404e""","""0e89806e-706a-4666-aa9c-ba27ef27faa5""",True,4.0,1.0
1608810930639839924,,4954,,1608810930,639435359,'',"""/turtle4/bumper2pointcloud_df7354d4-943e-4488-8bde-6dd04e527832""","""c76687ca-c381-4438-b69d-835e0fb7b0fc""",True,4.0,1.0
1608810930639866944,,1650,,1608810930,642769446,'',"""/turtle4/cmd_vel_mux_ba28a586-ad65-4e67-9975-7590afa48f2a""","""9b749a99-2f98-4586-bb44-6c2de623f0f8""",True,4.0,1.0
1608810930727338617,,1651,,1608810930,740573920,'',"""/turtle4/bumper2pointcloud_df7354d4-943e-4488-8bde-6dd04e527832""","""d0367077-65e8-4d95-9e64-d75e89602529""",True,4.0,1.0
1608810931435865840,,4955,,1608810931,445876239,'',"""/turtle4/mobile_base_9f950c6a-e37b-4891-a6d0-c3afd5c0404e""","""0e8ffd81-36e6-496c-9349-5c6dc93af06e""",True,4.0,1.0
1608810931508332598,,4956,,1608810931,523840691,'',"""/turtle4/cmd_vel_mux_ba28a586-ad65-4e67-9975-7590afa48f2a""","""26c1259a-821d-4025-b3f5-77b671833f04""",True,4.0,1.0
1608810931566273608,,1652,,1608810931,569882077,'',"""/turtle4/mobile_base_9f950c6a-e37b-4891-a6d0-c3afd5c0404e""","""0e89806e-706a-4666-aa9c-ba27ef27faa5""",True,4.0,1.0
1608810931626060017,,4957,,1608810931,639529831,'',"""/turtle4/bumper2pointcloud_df7354d4-943e-4488-8bde-6dd04e527832""","""c76687ca-c381-4438-b69d-835e0fb7b0fc""",True,4.0,1.0
1608810931626543042,,1651,,1608810931,642886669,'',"""/turtle4/cmd_vel_mux_ba28a586-ad65-4e67-9975-7590afa48f2a""","""9b749a99-2f98-4586-bb44-6c2de623f0f8""",True,4.0,1.0
1608810931723613732,,1652,,1608810931,740618811,'',"""/turtle4/bumper2pointcloud_df7354d4-943e-4488-8bde-6dd04e527832""","""d0367077-65e8-4d95-9e64-d75e89602529""",True,4.0,1.0
1608810932426426782,,4958,,1608810932,445908903,'',"""/turtle4/mobile_base_9f950c6a-e37b-4891-a6d0-c3afd5c0404e""","""0e8ffd81-36e6-496c-9349-5c6dc93af06e""",True,4.0,1.0
1608810932502033357,,4959,,1608810932,523744731,'',"""/turtle4/cmd_vel_mux_ba28a586-ad65-4e67-9975-7590afa48f2a""","""26c1259a-821d-4025-b3f5-77b671833f04""",True,4.0,1.0
1608810932549181331,,1653,,1608810932,569512532,'',"""/turtle4/mobile_base_9f950c6a-e37b-4891-a6d0-c3afd5c0404e""","""0e89806e-706a-4666-aa9c-ba27ef27faa5""",True,4.0,1.0
1608810932616329732,,4960,,1608810932,639411708,'',"""/turtle4/bumper2pointcloud_df7354d4-943e-4488-8bde-6dd04e527832""","""c76687ca-c381-4438-b69d-835e0fb7b0fc""",True,4.0,1.0
1608810932619702059,,1652,,1608810932,642770588,'',"""/turtle4/cmd_vel_mux_ba28a586-ad65-4e67-9975-7590afa48f2a""","""9b749a99-2f98-4586-bb44-6c2de623f0f8""",True,4.0,1.0
1608810932723484575,,1653,,1608810932,740513233,'',"""/turtle4/bumper2pointcloud_df7354d4-943e-4488-8bde-6dd04e527832""","""d0367077-65e8-4d95-9e64-d75e89602529""",True,4.0,1.0
1608810933429875223,,4961,,1608810933,446037268,'',"""/turtle4/mobile_base_9f950c6a-e37b-4891-a6d0-c3afd5c0404e""","""0e8ffd81-36e6-496c-9349-5c6dc93af06e""",True,4.0,1.0
1608810933512247644,,4962,,1608810933,523886515,'',"""/turtle4/cmd_vel_mux_ba28a586-ad65-4e67-9975-7590afa48f2a""","""26c1259a-821d-4025-b3f5-77b671833f04""",True,4.0,1.0
1608810933554937282,,1654,,1608810933,569534149,'',"""/turtle4/mobile_base_9f950c6a-e37b-4891-a6d0-c3afd5c0404e""","""0e89806e-706a-4666-aa9c-ba27ef27faa5""",True,4.0,1.0
1608810933621610556,,4963,,1608810933,639431285,'',"""/turtle4/bumper2pointcloud_df7354d4-943e-4488-8bde-6dd04e527832""","""c76687ca-c381-4438-b69d-835e0fb7b0fc""",True,4.0,1.0
1608810933622152013,,1653,,1608810933,642776457,'',"""/turtle4/cmd_vel_mux_ba28a586-ad65-4e67-9975-7590afa48f2a""","""9b749a99-2f98-4586-bb44-6c2de623f0f8""",True,4.0,1.0
1608810933723670289,,1654,,1608810933,740522314,'',"""/turtle4/bumper2pointcloud_df7354d4-943e-4488-8bde-6dd04e527832""","""d0367077-65e8-4d95-9e64-d75e89602529""",True,4.0,1.0
1608810934429154382,,4964,,1608810934,446017495,'',"""/turtle4/mobile_base_9f950c6a-e37b-4891-a6d0-c3afd5c0404e""","""0e8ffd81-36e6-496c-9349-5c6dc93af06e""",True,4.0,1.0
1608810934500202535,,4965,,1608810934,523752701,'',"""/turtle4/cmd_vel_mux_ba28a586-ad65-4e67-9975-7590afa48f2a""","""26c1259a-821d-4025-b3f5-77b671833f04""",True,4.0,1.0
1608810934546861370,,1655,,1608810934,569507380,'',"""/turtle4/mobile_base_9f950c6a-e37b-4891-a6d0-c3afd5c0404e""","""0e89806e-706a-4666-aa9c-ba27ef27faa5""",True,4.0,1.0
1608810934616434642,,4966,,1608810934,639433394,'',"""/turtle4/bumper2pointcloud_df7354d4-943e-4488-8bde-6dd04e527832""","""c76687ca-c381-4438-b69d-835e0fb7b0fc""",True,4.0,1.0
1608810934622284345,,1654,,1608810934,642773316,'',"""/turtle4/cmd_vel_mux_ba28a586-ad65-4e67-9975-7590afa48f2a""","""9b749a99-2f98-4586-bb44-6c2de623f0f8""",True,4.0,1.0
1608810934720342501,,1655,,1608810934,740512467,'',"""/turtle4/bumper2pointcloud_df7354d4-943e-4488-8bde-6dd04e527832""","""d0367077-65e8-4d95-9e64-d75e89602529""",True,4.0,1.0
1608810935433957537,,4967,,1608810935,446038588,'',"""/turtle4/mobile_base_9f950c6a-e37b-4891-a6d0-c3afd5c0404e""","""0e8ffd81-36e6-496c-9349-5c6dc93af06e""",True,4.0,1.0
1608810935510461255,,4968,,1608810935,523745213,'',"""/turtle4/cmd_vel_mux_ba28a586-ad65-4e67-9975-7590afa48f2a""","""26c1259a-821d-4025-b3f5-77b671833f04""",True,4.0,1.0
1608810935564909417,,1656,,1608810935,569538101,'',"""/turtle4/mobile_base_9f950c6a-e37b-4891-a6d0-c3afd5c0404e""","""0e89806e-706a-4666-aa9c-ba27ef27faa5""",True,4.0,1.0
1608810935619128500,,4969,,1608810935,639424742,'',"""/turtle4/bumper2pointcloud_df7354d4-943e-4488-8bde-6dd04e527832""","""c76687ca-c381-4438-b69d-835e0fb7b0fc""",True,4.0,1.0
1608810935619456515,,1655,,1608810935,642793248,'',"""/turtle4/cmd_vel_mux_ba28a586-ad65-4e67-9975-7590afa48f2a""","""9b749a99-2f98-4586-bb44-6c2de623f0f8""",True,4.0,1.0
1608810935730231078,,1656,,1608810935,740504985,'',"""/turtle4/bumper2pointcloud_df7354d4-943e-4488-8bde-6dd04e527832""","""d0367077-65e8-4d95-9e64-d75e89602529""",True,4.0,1.0
1608810936424252455,,4970,,1608810936,446043378,'',"""/turtle4/mobile_base_9f950c6a-e37b-4891-a6d0-c3afd5c0404e""","""0e8ffd81-36e6-496c-9349-5c6dc93af06e""",True,4.0,1.0
1608810936509593419,,4971,,1608810936,523886508,'',"""/turtle4/cmd_vel_mux_ba28a586-ad65-4e67-9975-7590afa48f2a""","""26c1259a-821d-4025-b3f5-77b671833f04""",True,4.0,1.0
1608810936551055001,,1657,,1608810936,569710315,'',"""/turtle4/mobile_base_9f950c6a-e37b-4891-a6d0-c3afd5c0404e""","""0e89806e-706a-4666-aa9c-ba27ef27faa5""",True,4.0,1.0
1608810936624308572,,4972,,1608810936,639545624,'',"""/turtle4/bumper2pointcloud_df7354d4-943e-4488-8bde-6dd04e527832""","""c76687ca-c381-4438-b69d-835e0fb7b0fc""",True,4.0,1.0
1608810936630516408,,1656,,1608810936,642934546,'',"""/turtle4/cmd_vel_mux_ba28a586-ad65-4e67-9975-7590afa48f2a""","""9b749a99-2f98-4586-bb44-6c2de623f0f8""",True,4.0,1.0
1608810936730785460,,1657,,1608810936,740632287,'',"""/turtle4/bumper2pointcloud_df7354d4-943e-4488-8bde-6dd04e527832""","""d0367077-65e8-4d95-9e64-d75e89602529""",True,4.0,1.0
1608810937432263321,,4973,,1608810937,446018450,'',"""/turtle4/mobile_base_9f950c6a-e37b-4891-a6d0-c3afd5c0404e""","""0e8ffd81-36e6-496c-9349-5c6dc93af06e""",True,4.0,1.0
1608810937507220698,,4974,,1608810937,523867707,'',"""/turtle4/cmd_vel_mux_ba28a586-ad65-4e67-9975-7590afa48f2a""","""26c1259a-821d-4025-b3f5-77b671833f04""",True,4.0,1.0
1608810937567461043,,1658,,1608810937,569649806,'',"""/turtle4/mobile_base_9f950c6a-e37b-4891-a6d0-c3afd5c0404e""","""0e89806e-706a-4666-aa9c-ba27ef27faa5""",True,4.0,1.0
1608810937627125877,,4975,,1608810937,639962000,'',"""/turtle4/bumper2pointcloud_df7354d4-943e-4488-8bde-6dd04e527832""","""c76687ca-c381-4438-b69d-835e0fb7b0fc""",True,4.0,1.0
1608810937627138856,,1657,,1608810937,642956875,'',"""/turtle4/cmd_vel_mux_ba28a586-ad65-4e67-9975-7590afa48f2a""","""9b749a99-2f98-4586-bb44-6c2de623f0f8""",True,4.0,1.0
1608810937726486909,,1658,,1608810937,740507033,'',"""/turtle4/bumper2pointcloud_df7354d4-943e-4488-8bde-6dd04e527832""","""d0367077-65e8-4d95-9e64-d75e89602529""",True,4.0,1.0
1608810938436170709,,4976,,1608810938,445895259,'',"""/turtle4/mobile_base_9f950c6a-e37b-4891-a6d0-c3afd5c0404e""","""0e8ffd81-36e6-496c-9349-5c6dc93af06e""",True,4.0,1.0
1608810938507385395,,4977,,1608810938,523763769,'',"""/turtle4/cmd_vel_mux_ba28a586-ad65-4e67-9975-7590afa48f2a""","""26c1259a-821d-4025-b3f5-77b671833f04""",True,4.0,1.0
1608810938548057592,,1659,,1608810938,569632788,'',"""/turtle4/mobile_base_9f950c6a-e37b-4891-a6d0-c3afd5c0404e""","""0e89806e-706a-4666-aa9c-ba27ef27faa5""",True,4.0,1.0
1608810938627391215,,1658,,1608810938,642801898,'',"""/turtle4/cmd_vel_mux_ba28a586-ad65-4e67-9975-7590afa48f2a""","""9b749a99-2f98-4586-bb44-6c2de623f0f8""",True,4.0,1.0
1608810938627437027,,4978,,1608810938,639421434,'',"""/turtle4/bumper2pointcloud_df7354d4-943e-4488-8bde-6dd04e527832""","""c76687ca-c381-4438-b69d-835e0fb7b0fc""",True,4.0,1.0
1608810938721550388,,1659,,1608810938,740617771,'',"""/turtle4/bumper2pointcloud_df7354d4-943e-4488-8bde-6dd04e527832""","""d0367077-65e8-4d95-9e64-d75e89602529""",True,4.0,1.0
