rosbagTimestamp,layout,dim,data_offset,data
1608810897998896805,,[],0,"[0, 0, 0, 0]"
1608810898026952117,,[],0,"[0, 0, 0, 0]"
1608810898027016538,,[],0,"[0, 0, 0, 0]"
1608810898043594215,,[],0,"[0, 0, 0, 0]"
1608810898060932164,,[],0,"[0, 0, 0, 0]"
1608810898089382311,,[],0,"[0, 0, 0, 0]"
1608810898109145412,,[],0,"[0, 0, 0, 0]"
1608810898126182557,,[],0,"[0, 0, 0, 0]"
1608810898142503748,,[],0,"[0, 0, 0, 0]"
1608810898159545668,,[],0,"[0, 0, 0, 0]"
1608810898192731715,,[],0,"[0, 0, 0, 0]"
1608810898226164890,,[],0,"[0, 0, 0, 0]"
1608810898252115328,,[],0,"[0, 0, 0, 0]"
1608810898252130880,,[],0,"[0, 0, 0, 0]"
1608810898281067954,,[],0,"[0, 0, 0, 0]"
1608810898306972151,,[],0,"[0, 0, 0, 0]"
1608810898307000302,,[],0,"[0, 0, 0, 0]"
1608810898324169229,,[],0,"[0, 0, 0, 0]"
1608810898347653095,,[],0,"[0, 0, 0, 0]"
1608810898370068819,,[],0,"[0, 0, 0, 0]"
1608810898399788419,,[],0,"[0, 0, 0, 0]"
1608810898423352266,,[],0,"[0, 0, 0, 0]"
1608810898456857377,,[],0,"[0, 0, 0, 0]"
1608810898456892780,,[],0,"[0, 0, 0, 0]"
1608810898476625676,,[],0,"[0, 0, 0, 0]"
1608810898517341860,,[],0,"[0, 0, 0, 0]"
1608810898517391236,,[],0,"[0, 0, 0, 0]"
1608810898536740019,,[],0,"[0, 0, 0, 0]"
1608810898565346968,,[],0,"[0, 0, 0, 0]"
1608810898594931931,,[],0,"[0, 0, 0, 0]"
1608810898594945330,,[],0,"[0, 0, 0, 0]"
1608810898613891751,,[],0,"[0, 0, 0, 0]"
1608810898637693809,,[],0,"[0, 0, 0, 0]"
1608810898668471272,,[],0,"[0, 0, 0, 0]"
1608810898690054615,,[],0,"[0, 0, 0, 0]"
1608810898690314635,,[],0,"[0, 0, 0, 0]"
1608810898738342778,,[],0,"[0, 0, 0, 0]"
1608810898738363867,,[],0,"[0, 0, 0, 0]"
1608810898761591316,,[],0,"[0, 0, 0, 0]"
1608810898782214303,,[],0,"[0, 0, 0, 0]"
1608810898822769096,,[],0,"[0, 0, 0, 0]"
1608810898851117137,,[],0,"[0, 0, 0, 0]"
1608810898851178945,,[],0,"[0, 0, 0, 0]"
1608810898873166327,,[],0,"[0, 0, 0, 0]"
1608810898873202639,,[],0,"[0, 0, 0, 0]"
1608810898888610833,,[],0,"[0, 0, 0, 0]"
1608810898927974437,,[],0,"[0, 0, 0, 0]"
1608810898959805423,,[],0,"[0, 0, 0, 0]"
1608810898960013120,,[],0,"[0, 0, 0, 0]"
1608810898983495597,,[],0,"[0, 0, 0, 0]"
1608810899003123604,,[],0,"[0, 0, 0, 0]"
1608810899017449797,,[],0,"[0, 0, 0, 0]"
1608810899050645172,,[],0,"[0, 0, 0, 0]"
1608810899071238072,,[],0,"[0, 0, 0, 0]"
1608810899071278420,,[],0,"[0, 0, 0, 0]"
1608810899101688762,,[],0,"[0, 0, 0, 0]"
1608810899122691123,,[],0,"[0, 0, 0, 0]"
1608810899146784802,,[],0,"[0, 0, 0, 0]"
1608810899146936826,,[],0,"[0, 0, 0, 0]"
1608810899171876936,,[],0,"[0, 0, 0, 0]"
1608810899187833439,,[],0,"[0, 0, 0, 0]"
1608810899211417518,,[],0,"[0, 0, 0, 0]"
1608810899229964352,,[],0,"[0, 0, 0, 0]"
1608810899249241512,,[],0,"[0, 0, 0, 0]"
1608810899278596665,,[],0,"[0, 0, 0, 0]"
1608810899302220030,,[],0,"[0, 0, 0, 0]"
1608810899379653491,,[],0,"[0, 0, 0, 0]"
1608810899379731480,,[],0,"[0, 0, 0, 0]"
1608810899407705108,,[],0,"[0, 0, 0, 0]"
1608810899407861215,,[],0,"[0, 0, 0, 0]"
1608810899408049848,,[],0,"[0, 0, 0, 0]"
1608810899436981742,,[],0,"[0, 0, 0, 0]"
1608810899467577923,,[],0,"[0, 0, 0, 0]"
1608810899467633972,,[],0,"[0, 0, 0, 0]"
1608810899490396448,,[],0,"[0, 0, 0, 0]"
1608810899490671645,,[],0,"[0, 0, 0, 0]"
1608810899512223689,,[],0,"[0, 0, 0, 0]"
1608810899527215741,,[],0,"[0, 0, 0, 0]"
1608810899550565836,,[],0,"[0, 0, 0, 0]"
1608810899574993155,,[],0,"[0, 0, 0, 0]"
1608810899599923902,,[],0,"[0, 0, 0, 0]"
1608810899633052249,,[],0,"[0, 0, 0, 0]"
1608810899633107240,,[],0,"[0, 0, 0, 0]"
1608810899650833100,,[],0,"[0, 0, 0, 0]"
1608810899669283456,,[],0,"[0, 0, 0, 0]"
1608810899704367450,,[],0,"[0, 0, 0, 0]"
1608810899725182121,,[],0,"[0, 0, 0, 0]"
1608810899753014406,,[],0,"[0, 0, 0, 0]"
1608810899753028552,,[],0,"[0, 0, 0, 0]"
1608810899776847065,,[],0,"[0, 0, 0, 0]"
1608810899800523354,,[],0,"[0, 0, 0, 0]"
1608810899825670505,,[],0,"[0, 0, 0, 0]"
1608810899850874650,,[],0,"[0, 0, 0, 0]"
1608810899877697334,,[],0,"[0, 0, 0, 0]"
1608810899877706018,,[],0,"[0, 0, 0, 0]"
1608810899907573374,,[],0,"[0, 0, 0, 0]"
1608810899927777941,,[],0,"[0, 0, 0, 0]"
1608810899973671290,,[],0,"[0, 0, 0, 0]"
1608810900008876827,,[],0,"[0, 0, 0, 0]"
1608810900008960904,,[],0,"[0, 0, 0, 0]"
1608810900008969444,,[],0,"[0, 0, 0, 0]"
1608810900041127188,,[],0,"[0, 0, 0, 0]"
1608810900041135706,,[],0,"[0, 0, 0, 0]"
1608810900114504129,,[],0,"[0, 0, 0, 0]"
1608810900135173075,,[],0,"[0, 0, 0, 0]"
1608810900135180336,,[],0,"[0, 0, 0, 0]"
1608810900135185914,,[],0,"[0, 0, 0, 0]"
1608810900135225896,,[],0,"[0, 0, 0, 0]"
1608810900159292600,,[],0,"[0, 0, 0, 0]"
1608810900198227442,,[],0,"[0, 0, 0, 0]"
1608810900237697324,,[],0,"[0, 0, 0, 0]"
1608810900237782235,,[],0,"[0, 0, 0, 0]"
1608810900266739669,,[],0,"[0, 0, 0, 0]"
1608810900266769426,,[],0,"[0, 0, 0, 0]"
1608810900293054047,,[],0,"[0, 0, 0, 0]"
1608810900333339325,,[],0,"[0, 0, 0, 0]"
1608810900333443079,,[],0,"[0, 0, 0, 0]"
1608810900360949401,,[],0,"[0, 0, 0, 0]"
1608810900360961094,,[],0,"[0, 0, 0, 0]"
1608810900375885856,,[],0,"[0, 0, 0, 0]"
1608810900398355144,,[],0,"[0, 0, 0, 0]"
1608810900422110268,,[],0,"[0, 0, 0, 0]"
1608810900446379930,,[],0,"[0, 0, 0, 0]"
1608810900472130984,,[],0,"[0, 0, 0, 0]"
1608810900472133485,,[],0,"[0, 0, 0, 0]"
1608810900505003013,,[],0,"[0, 0, 0, 0]"
1608810900537160650,,[],0,"[0, 0, 0, 0]"
1608810900537239621,,[],0,"[0, 0, 0, 0]"
1608810900587851868,,[],0,"[0, 0, 0, 0]"
1608810900634136188,,[],0,"[0, 0, 0, 0]"
1608810900634520099,,[],0,"[0, 0, 0, 0]"
1608810900634593562,,[],0,"[0, 0, 0, 0]"
1608810900685177808,,[],0,"[0, 0, 0, 0]"
1608810900685196808,,[],0,"[0, 0, 0, 0]"
1608810900794593421,,[],0,"[0, 0, 0, 0]"
1608810900794832301,,[],0,"[0, 0, 0, 0]"
1608810900794853650,,[],0,"[0, 0, 0, 0]"
1608810900836176562,,[],0,"[0, 0, 0, 0]"
1608810900836183619,,[],0,"[201, 18240, 199, 10]"
1608810900836555597,,[],0,"[201, 18240, 199, 10]"
1608810900838507717,,[],0,"[201, 18240, 199, 10]"
1608810900838548737,,[],0,"[201, 18240, 199, 10]"
1608810900841703515,,[],0,"[201, 18240, 199, 10]"
1608810900878151756,,[],0,"[201, 18240, 199, 10]"
1608810900907340103,,[],0,"[201, 18240, 199, 10]"
1608810900907388705,,[],0,"[201, 18240, 199, 10]"
1608810900958037822,,[],0,"[201, 18240, 199, 10]"
1608810900958051233,,[],0,"[201, 18240, 199, 10]"
1608810900958106947,,[],0,"[201, 18240, 199, 10]"
1608810900993911852,,[],0,"[201, 18240, 199, 10]"
1608810901020214849,,[],0,"[201, 18240, 199, 10]"
1608810901020239462,,[],0,"[200, 30153, 199, 6]"
1608810901034487833,,[],0,"[200, 30153, 199, 6]"
1608810901054263283,,[],0,"[200, 30153, 199, 6]"
1608810901067968045,,[],0,"[200, 30153, 199, 6]"
1608810901096078675,,[],0,"[200, 30153, 199, 6]"
1608810901109531702,,[],0,"[200, 30153, 199, 6]"
1608810901124422218,,[],0,"[200, 30153, 199, 6]"
1608810901149268501,,[],0,"[200, 30153, 199, 6]"
1608810901170165197,,[],0,"[200, 30153, 199, 6]"
1608810901189341490,,[],0,"[200, 30153, 199, 6]"
1608810901222369617,,[],0,"[200, 30153, 199, 6]"
1608810901240923706,,[],0,"[200, 30153, 199, 6]"
1608810901259529841,,[],0,"[200, 32767, 199, 3]"
1608810901283225539,,[],0,"[200, 32767, 199, 3]"
1608810901343790430,,[],0,"[200, 32767, 199, 3]"
1608810901343804113,,[],0,"[200, 32767, 199, 3]"
1608810901366896577,,[],0,"[200, 32767, 199, 3]"
1608810901366985202,,[],0,"[200, 32767, 199, 3]"
1608810901389610778,,[],0,"[200, 32767, 199, 3]"
1608810901406478223,,[],0,"[200, 32767, 199, 3]"
1608810901429446081,,[],0,"[200, 32767, 199, 3]"
1608810901445737801,,[],0,"[200, 32767, 199, 3]"
1608810901463773673,,[],0,"[200, 32767, 199, 3]"
1608810901498666082,,[],0,"[200, 32767, 199, 3]"
1608810901498686865,,[],0,"[200, 32767, 199, 3]"
1608810901517534491,,[],0,"[200, 32767, 199, 3]"
1608810901537940087,,[],0,"[200, 32767, 199, 1]"
1608810901562482077,,[],0,"[200, 32767, 199, 1]"
1608810901586046865,,[],0,"[200, 32767, 199, 1]"
1608810901600602584,,[],0,"[200, 32767, 199, 1]"
1608810901643660034,,[],0,"[200, 32767, 199, 1]"
1608810901672161823,,[],0,"[200, 32767, 199, 1]"
1608810901672181022,,[],0,"[200, 32767, 199, 1]"
1608810901707215738,,[],0,"[200, 32767, 199, 1]"
1608810901721509234,,[],0,"[200, 32767, 199, 1]"
1608810901721695400,,[],0,"[200, 32767, 199, 1]"
1608810901742966649,,[],0,"[200, 32767, 199, 1]"
1608810901767523821,,[],0,"[200, 32767, 199, 1]"
1608810901793017855,,[],0,"[200, 32767, 199, 1]"
1608810901824542657,,[],0,"[201, 13403, 199, 14]"
1608810901858299007,,[],0,"[201, 13403, 199, 14]"
1608810901858315721,,[],0,"[201, 13403, 199, 14]"
1608810901975948724,,[],0,"[201, 13403, 199, 14]"
1608810901976054828,,[],0,"[201, 13403, 199, 14]"
1608810902011022180,,[],0,"[201, 13403, 199, 14]"
1608810902011038583,,[],0,"[201, 13403, 199, 14]"
1608810902011315296,,[],0,"[201, 13403, 199, 14]"
1608810902011326791,,[],0,"[201, 13403, 199, 14]"
1608810902011332356,,[],0,"[201, 13403, 199, 14]"
1608810902011337533,,[],0,"[201, 13403, 199, 14]"
1608810902029371750,,[],0,"[201, 13403, 199, 14]"
1608810902062563517,,[],0,"[201, 13403, 199, 14]"
1608810902091714491,,[],0,"[202, 8493, 199, 23]"
1608810902115428023,,[],0,"[202, 8493, 199, 23]"
1608810902115444732,,[],0,"[202, 8493, 199, 23]"
1608810902115715966,,[],0,"[202, 8493, 199, 23]"
1608810902132428451,,[],0,"[202, 8493, 199, 23]"
1608810902151461775,,[],0,"[202, 8493, 199, 23]"
1608810902172101167,,[],0,"[202, 8493, 199, 23]"
1608810902193620187,,[],0,"[202, 8493, 199, 23]"
1608810902219520867,,[],0,"[202, 8493, 199, 23]"
1608810902248697468,,[],0,"[202, 8493, 199, 23]"
1608810902264769449,,[],0,"[202, 8493, 199, 23]"
1608810902311061056,,[],0,"[202, 8493, 199, 23]"
1608810902311162516,,[],0,"[202, 8493, 199, 23]"
1608810902338474187,,[],0,"[200, -25103, 199, -7]"
1608810902385179570,,[],0,"[200, -25103, 199, -7]"
1608810902404644756,,[],0,"[200, -25103, 199, -7]"
1608810902404835697,,[],0,"[200, -25103, 199, -7]"
1608810902404859964,,[],0,"[200, -25103, 199, -7]"
1608810902446261428,,[],0,"[200, -25103, 199, -7]"
1608810902446371481,,[],0,"[200, -25103, 199, -7]"
1608810902464920129,,[],0,"[200, -25103, 199, -7]"
1608810902483762050,,[],0,"[200, -25103, 199, -7]"
1608810902510915854,,[],0,"[200, -25103, 199, -7]"
1608810902542264760,,[],0,"[200, -25103, 199, -7]"
1608810902577340871,,[],0,"[200, -25103, 199, -7]"
1608810902577350346,,[],0,"[200, 32767, 199, 3]"
1608810902658338057,,[],0,"[200, 32767, 199, 3]"
1608810902658370058,,[],0,"[200, 32767, 199, 3]"
1608810902674239677,,[],0,"[200, 32767, 199, 3]"
1608810902674296926,,[],0,"[200, 32767, 199, 3]"
1608810902674320503,,[],0,"[200, 32767, 199, 3]"
1608810902674393997,,[],0,"[200, 32767, 199, 3]"
1608810902700404279,,[],0,"[200, 32767, 199, 3]"
1608810902729633315,,[],0,"[200, 32767, 199, 3]"
1608810902741126831,,[],0,"[200, 32767, 199, 3]"
1608810902762431482,,[],0,"[200, 32767, 199, 3]"
1608810902782199928,,[],0,"[200, 32767, 199, 3]"
1608810902802673137,,[],0,"[200, 32767, 199, 3]"
1608810902819632472,,[],0,"[200, 32767, 199, 3]"
1608810902838823761,,[],0,"[200, 32767, 199, 3]"
1608810902881372745,,[],0,"[200, 32767, 199, 3]"
1608810902971247221,,[],0,"[200, 31555, 199, 6]"
1608810902971383639,,[],0,"[200, 31555, 199, 6]"
1608810902986791945,,[],0,"[200, 31555, 199, 6]"
1608810902986803816,,[],0,"[200, 31555, 199, 6]"
1608810902986819946,,[],0,"[200, 31555, 199, 6]"
1608810902987362467,,[],0,"[200, 31555, 199, 6]"
1608810903006351072,,[],0,"[200, 31555, 199, 6]"
1608810903026802559,,[],0,"[200, 31555, 199, 6]"
1608810903040968416,,[],0,"[200, 31555, 199, 6]"
1608810903061280066,,[],0,"[200, 31555, 199, 6]"
1608810903080331952,,[],0,"[200, 31555, 199, 6]"
1608810903114493351,,[],0,"[200, 31555, 199, 6]"
1608810903142473881,,[],0,"[200, 31555, 199, 6]"
1608810903142504564,,[],0,"[202, 8945, 199, 22]"
1608810903173709214,,[],0,"[202, 8945, 199, 22]"
1608810903197375546,,[],0,"[202, 8945, 199, 22]"
1608810903221215874,,[],0,"[202, 8945, 199, 22]"
1608810903221234504,,[],0,"[202, 8945, 199, 22]"
1608810903233825373,,[],0,"[202, 8945, 199, 22]"
1608810903257019671,,[],0,"[202, 8945, 199, 22]"
1608810903274183882,,[],0,"[202, 8945, 199, 22]"
1608810903297506351,,[],0,"[202, 8945, 199, 22]"
1608810903317165748,,[],0,"[202, 8945, 199, 22]"
1608810903362138141,,[],0,"[202, 8945, 199, 22]"
1608810903382841198,,[],0,"[202, 8945, 199, 22]"
1608810903382950051,,[],0,"[202, 8945, 199, 22]"
1608810903408518491,,[],0,"[201, 17816, 199, 11]"
1608810903437736964,,[],0,"[201, 17816, 199, 11]"
1608810903456186277,,[],0,"[201, 17816, 199, 11]"
1608810903470134132,,[],0,"[201, 17816, 199, 11]"
1608810903498144036,,[],0,"[201, 17816, 199, 11]"
1608810903513107277,,[],0,"[201, 17816, 199, 11]"
1608810903513256502,,[],0,"[201, 17816, 199, 11]"
1608810903529270188,,[],0,"[201, 17816, 199, 11]"
1608810903578191263,,[],0,"[201, 17816, 199, 11]"
1608810903612058600,,[],0,"[201, 17816, 199, 11]"
1608810903612160690,,[],0,"[201, 17816, 199, 11]"
1608810903644062569,,[],0,"[201, 17816, 199, 11]"
1608810903667739618,,[],0,"[201, 17816, 199, 11]"
1608810903667763588,,[],0,"[201, 11571, 199, 17]"
1608810903688832441,,[],0,"[201, 11571, 199, 17]"
1608810903704935869,,[],0,"[201, 11571, 199, 17]"
1608810903721772177,,[],0,"[201, 11571, 199, 17]"
1608810903747219915,,[],0,"[201, 11571, 199, 17]"
1608810903777471892,,[],0,"[201, 11571, 199, 17]"
1608810903804716237,,[],0,"[201, 11571, 199, 17]"
1608810903804747378,,[],0,"[201, 11571, 199, 17]"
1608810903827782985,,[],0,"[201, 11571, 199, 17]"
1608810903863995806,,[],0,"[201, 11571, 199, 17]"
1608810903892869044,,[],0,"[201, 11571, 199, 17]"
1608810903892981694,,[],0,"[201, 11571, 199, 17]"
1608810903925447770,,[],0,"[200, 32767, 199, 4]"
1608810903948212539,,[],0,"[200, 32767, 199, 4]"
1608810903948225232,,[],0,"[200, 32767, 199, 4]"
1608810903968567854,,[],0,"[200, 32767, 199, 4]"
1608810903986588349,,[],0,"[200, 32767, 199, 4]"
1608810904018443285,,[],0,"[200, 32767, 199, 4]"
1608810904043193431,,[],0,"[200, 32767, 199, 4]"
1608810904043674213,,[],0,"[200, 32767, 199, 4]"
1608810904075476641,,[],0,"[200, 32767, 199, 4]"
1608810904109862625,,[],0,"[200, 32767, 199, 4]"
1608810904138480468,,[],0,"[200, 32767, 199, 4]"
1608810904138588940,,[],0,"[200, 32767, 199, 4]"
1608810904167912214,,[],0,"[200, 32767, 199, 4]"
1608810904167981566,,[],0,"[200, 32767, 199, 4]"
1608810904190590057,,[],0,"[200, 32767, 199, 4]"
1608810904218727028,,[],0,"[200, 32767, 199, 4]"
1608810904218738877,,[],0,"[200, 32767, 199, 3]"
1608810904246981364,,[],0,"[200, 32767, 199, 3]"
1608810904268271709,,[],0,"[200, 32767, 199, 3]"
1608810904301400628,,[],0,"[200, 32767, 199, 3]"
1608810904321153293,,[],0,"[200, 32767, 199, 3]"
1608810904340279975,,[],0,"[200, 32767, 199, 3]"
1608810904340352330,,[],0,"[200, 32767, 199, 3]"
1608810904359712571,,[],0,"[200, 32767, 199, 3]"
1608810904402914469,,[],0,"[200, 32767, 199, 3]"
1608810904429520072,,[],0,"[200, 32767, 199, 3]"
1608810904429548827,,[],0,"[200, 32767, 199, 3]"
1608810904451915106,,[],0,"[200, 32767, 199, 3]"
1608810904473532676,,[],0,"[200, 32767, 199, 3]"
1608810904489227341,,[],0,"[200, 32767, 199, 3]"
1608810904506099027,,[],0,"[200, 32767, 199, 3]"
1608810904550629881,,[],0,"[200, 32767, 199, 3]"
1608810904575004048,,[],0,"[200, 32767, 199, 3]"
1608810904575039496,,[],0,"[200, 32767, 199, 3]"
1608810904598211756,,[],0,"[200, 32767, 199, 3]"
1608810904620253471,,[],0,"[200, 32767, 199, 3]"
1608810904646949463,,[],0,"[200, 32767, 199, 3]"
1608810904663821157,,[],0,"[200, 32767, 199, 3]"
1608810904663864609,,[],0,"[200, 32767, 199, 3]"
1608810904683197591,,[],0,"[200, 32767, 199, 3]"
1608810904705669789,,[],0,"[200, 32767, 199, 3]"
1608810904740749706,,[],0,"[200, -32768, 199, -2]"
1608810904767581096,,[],0,"[200, -32768, 199, -2]"
1608810904768165259,,[],0,"[200, -32768, 199, -2]"
1608810904780435763,,[],0,"[200, -32768, 199, -2]"
1608810904797449611,,[],0,"[200, -32768, 199, -2]"
1608810904816266263,,[],0,"[200, -32768, 199, -2]"
1608810904847950813,,[],0,"[200, -32768, 199, -2]"
1608810904868565505,,[],0,"[200, -32768, 199, -2]"
1608810904895637529,,[],0,"[200, -32768, 199, -2]"
1608810904922218161,,[],0,"[200, -32768, 199, -2]"
1608810904955436278,,[],0,"[200, -32768, 199, -2]"
1608810904973875823,,[],0,"[200, -32768, 199, -2]"
1608810904973890625,,[],0,"[200, -32768, 199, -5]"
1608810905010923135,,[],0,"[200, -32768, 199, -5]"
1608810905010994852,,[],0,"[200, -32768, 199, -5]"
1608810905027316768,,[],0,"[200, -32768, 199, -5]"
1608810905043122760,,[],0,"[200, -32768, 199, -5]"
1608810905065108074,,[],0,"[200, -32768, 199, -5]"
1608810905096182406,,[],0,"[200, -32768, 199, -5]"
1608810905127694934,,[],0,"[200, -32768, 199, -5]"
1608810905160982576,,[],0,"[200, -32768, 199, -5]"
1608810905161013267,,[],0,"[200, -32768, 199, -5]"
1608810905181434096,,[],0,"[200, -32768, 199, -5]"
1608810905206774168,,[],0,"[200, -32768, 199, -5]"
1608810905227896879,,[],0,"[200, -32768, 199, -5]"
1608810905227916786,,[],0,"[174, -6140, 171, -27]"
1608810905250784015,,[],0,"[174, -6140, 171, -27]"
1608810905271376416,,[],0,"[174, -6140, 171, -27]"
1608810905284735539,,[],0,"[174, -6140, 171, -27]"
1608810905301294485,,[],0,"[174, -6140, 171, -27]"
1608810905315819701,,[],0,"[174, -6140, 171, -27]"
1608810905339965876,,[],0,"[174, -6140, 171, -27]"
1608810905358538059,,[],0,"[174, -6140, 171, -27]"
1608810905404053746,,[],0,"[174, -6140, 171, -27]"
1608810905422468505,,[],0,"[174, -6140, 171, -27]"
1608810905422508332,,[],0,"[174, -6140, 171, -27]"
1608810905467569621,,[],0,"[174, -6140, 171, -27]"
1608810905485775590,,[],0,"[174, -6140, 171, -27]"
1608810905485813426,,[],0,"[133, -2436, 127, -52]"
1608810905553697124,,[],0,"[133, -2436, 127, -52]"
1608810905596770774,,[],0,"[133, -2436, 127, -52]"
1608810905596782605,,[],0,"[133, -2436, 127, -52]"
1608810905596788734,,[],0,"[133, -2436, 127, -52]"
1608810905596795142,,[],0,"[133, -2436, 127, -52]"
1608810905634429993,,[],0,"[133, -2436, 127, -52]"
1608810905657969155,,[],0,"[133, -2436, 127, -52]"
1608810905658131530,,[],0,"[133, -2436, 127, -52]"
1608810905702172948,,[],0,"[133, -2436, 127, -52]"
1608810905702194698,,[],0,"[133, -2436, 127, -52]"
1608810905742406459,,[],0,"[133, -2436, 127, -52]"
1608810905742425786,,[],0,"[133, -2436, 127, -52]"
1608810905772165865,,[],0,"[113, -561, 93, -167]"
1608810905803250100,,[],0,"[113, -561, 93, -167]"
1608810905803268418,,[],0,"[113, -561, 93, -167]"
1608810905829732929,,[],0,"[113, -561, 93, -167]"
1608810905829793278,,[],0,"[113, -561, 93, -167]"
1608810905861498721,,[],0,"[113, -561, 93, -167]"
1608810905909401951,,[],0,"[113, -561, 93, -167]"
1608810905909436962,,[],0,"[113, -561, 93, -167]"
1608810905942420893,,[],0,"[113, -561, 93, -167]"
1608810905942453663,,[],0,"[113, -561, 93, -167]"
1608810905997334874,,[],0,"[113, -561, 93, -167]"
1608810905997351563,,[],0,"[113, -561, 93, -167]"
1608810905997373740,,[],0,"[113, -561, 93, -167]"
1608810906137642383,,[],0,"[116, -274, 82, -300]"
1608810906163674107,,[],0,"[116, -274, 82, -300]"
1608810906163691306,,[],0,"[116, -274, 82, -300]"
1608810906163726252,,[],0,"[116, -274, 82, -300]"
1608810906163750011,,[],0,"[116, -274, 82, -300]"
1608810906163792407,,[],0,"[116, -274, 82, -300]"
1608810906163813915,,[],0,"[116, -274, 82, -300]"
1608810906163827378,,[],0,"[116, -274, 82, -300]"
1608810906182577659,,[],0,"[116, -274, 82, -300]"
1608810906208402000,,[],0,"[116, -274, 82, -300]"
1608810906208451694,,[],0,"[116, -274, 82, -300]"
1608810906225435029,,[],0,"[116, -274, 82, -300]"
1608810906249194120,,[],0,"[116, -274, 82, -300]"
1608810906286023619,,[],0,"[131, -195, 82, -423]"
1608810906318858381,,[],0,"[131, -195, 82, -423]"
1608810906319056475,,[],0,"[131, -195, 82, -423]"
1608810906343459745,,[],0,"[131, -195, 82, -423]"
1608810906363929251,,[],0,"[131, -195, 82, -423]"
1608810906399998532,,[],0,"[131, -195, 82, -423]"
1608810906400035089,,[],0,"[131, -195, 82, -423]"
1608810906444369911,,[],0,"[131, -195, 82, -423]"
1608810906471989115,,[],0,"[131, -195, 82, -423]"
1608810906472053827,,[],0,"[131, -195, 82, -423]"
1608810906472077501,,[],0,"[131, -195, 82, -423]"
1608810906511338823,,[],0,"[131, -195, 82, -423]"
1608810906533047819,,[],0,"[131, -195, 82, -423]"
1608810906533184011,,[],0,"[140, -168, 83, -494]"
1608810906562502333,,[],0,"[140, -168, 83, -494]"
1608810906576150353,,[],0,"[140, -168, 83, -494]"
1608810906593151513,,[],0,"[140, -168, 83, -494]"
1608810906608549607,,[],0,"[140, -168, 83, -494]"
1608810906646291017,,[],0,"[140, -168, 83, -494]"
1608810906666668603,,[],0,"[140, -168, 83, -494]"
1608810906666719705,,[],0,"[140, -168, 83, -494]"
1608810906695284100,,[],0,"[140, -168, 83, -494]"
1608810906769740091,,[],0,"[140, -168, 83, -494]"
1608810906821808692,,[],0,"[140, -168, 83, -494]"
1608810906821867471,,[],0,"[140, -168, 83, -494]"
1608810906821880264,,[],0,"[140, -168, 83, -494]"
1608810906821913157,,[],0,"[146, -162, 85, -529]"
1608810906847333887,,[],0,"[146, -162, 85, -529]"
1608810906847355577,,[],0,"[146, -162, 85, -529]"
1608810906867038329,,[],0,"[146, -162, 85, -529]"
1608810906867079706,,[],0,"[146, -162, 85, -529]"
1608810906891415503,,[],0,"[146, -162, 85, -529]"
1608810906942853424,,[],0,"[146, -162, 85, -529]"
1608810906968547575,,[],0,"[146, -162, 85, -529]"
1608810906968574530,,[],0,"[146, -162, 85, -529]"
1608810906968707844,,[],0,"[146, -162, 85, -529]"
1608810906997091422,,[],0,"[146, -162, 85, -529]"
1608810907022345916,,[],0,"[146, -162, 85, -529]"
1608810907048604637,,[],0,"[146, -162, 85, -529]"
1608810907048650076,,[],0,"[168, -183, 103, -563]"
1608810907096560644,,[],0,"[168, -183, 103, -563]"
1608810907123732989,,[],0,"[168, -183, 103, -563]"
1608810907123762980,,[],0,"[168, -183, 103, -563]"
1608810907146422353,,[],0,"[168, -183, 103, -563]"
1608810907162793789,,[],0,"[168, -183, 103, -563]"
1608810907162854672,,[],0,"[168, -183, 103, -563]"
1608810907196967018,,[],0,"[168, -183, 103, -563]"
1608810907218849368,,[],0,"[168, -183, 103, -563]"
1608810907246137277,,[],0,"[168, -183, 103, -563]"
1608810907275300917,,[],0,"[168, -183, 103, -563]"
1608810907275825477,,[],0,"[168, -183, 103, -563]"
1608810907293993836,,[],0,"[181, -197, 114, -580]"
1608810907316218699,,[],0,"[181, -197, 114, -580]"
1608810907382836475,,[],0,"[181, -197, 114, -580]"
1608810907417451209,,[],0,"[181, -197, 114, -580]"
1608810907417466675,,[],0,"[181, -197, 114, -580]"
1608810907417520711,,[],0,"[181, -197, 114, -580]"
1608810907417609073,,[],0,"[181, -197, 114, -580]"
1608810907448460376,,[],0,"[181, -197, 114, -580]"
1608810907476859155,,[],0,"[181, -197, 114, -580]"
1608810907476917921,,[],0,"[181, -197, 114, -580]"
1608810907507022307,,[],0,"[181, -197, 114, -580]"
1608810907530001236,,[],0,"[181, -197, 114, -580]"
1608810907530044106,,[],0,"[181, -197, 114, -580]"
1608810907560663621,,[],0,"[181, -197, 114, -580]"
1608810907572169602,,[],0,"[170, -183, 104, -571]"
1608810907590253591,,[],0,"[170, -183, 104, -571]"
1608810907609925008,,[],0,"[170, -183, 104, -571]"
1608810907640801217,,[],0,"[170, -183, 104, -571]"
1608810907669957256,,[],0,"[170, -183, 104, -571]"
1608810907689087222,,[],0,"[170, -183, 104, -571]"
1608810907689165738,,[],0,"[170, -183, 104, -571]"
1608810907711416702,,[],0,"[170, -183, 104, -571]"
1608810907742763342,,[],0,"[170, -183, 104, -571]"
1608810907755263256,,[],0,"[170, -183, 104, -571]"
1608810907795115061,,[],0,"[170, -183, 104, -571]"
1608810907818991741,,[],0,"[170, -183, 104, -571]"
1608810907819047733,,[],0,"[170, -183, 104, -571]"
1608810907843399883,,[],0,"[114, -82, 48, -580]"
1608810907858430562,,[],0,"[114, -82, 48, -580]"
1608810907883629004,,[],0,"[114, -82, 48, -580]"
1608810907905950688,,[],0,"[114, -82, 48, -580]"
1608810907922587261,,[],0,"[114, -82, 48, -580]"
1608810907922670266,,[],0,"[114, -82, 48, -580]"
1608810907953391733,,[],0,"[114, -82, 48, -580]"
1608810907982492492,,[],0,"[114, -82, 48, -580]"
1608810908000163028,,[],0,"[114, -82, 48, -580]"
1608810908017739750,,[],0,"[114, -82, 48, -580]"
1608810908038998341,,[],0,"[114, -82, 48, -580]"
1608810908084049917,,[],0,"[114, -82, 48, -580]"
1608810908105129827,,[],0,"[98, -82, 41, -501]"
1608810908105176624,,[],0,"[98, -82, 41, -501]"
1608810908131727045,,[],0,"[98, -82, 41, -501]"
1608810908150023006,,[],0,"[98, -82, 41, -501]"
1608810908150056444,,[],0,"[98, -82, 41, -501]"
1608810908178660436,,[],0,"[98, -82, 41, -501]"
1608810908196452602,,[],0,"[98, -82, 41, -501]"
1608810908215759924,,[],0,"[98, -82, 41, -501]"
1608810908256864922,,[],0,"[98, -82, 41, -501]"
1608810908284760942,,[],0,"[98, -82, 41, -501]"
1608810908284825908,,[],0,"[98, -82, 41, -501]"
1608810908307089180,,[],0,"[98, -82, 41, -501]"
1608810908349312564,,[],0,"[98, -82, 41, -501]"
1608810908349372908,,[],0,"[65, -70, 24, -351]"
1608810908368501016,,[],0,"[65, -70, 24, -351]"
1608810908382206029,,[],0,"[65, -70, 24, -351]"
1608810908395470367,,[],0,"[65, -70, 24, -351]"
1608810908424005066,,[],0,"[65, -70, 24, -351]"
1608810908443632336,,[],0,"[65, -70, 24, -351]"
1608810908464043567,,[],0,"[65, -70, 24, -351]"
1608810908579181208,,[],0,"[65, -70, 24, -351]"
1608810908614251248,,[],0,"[65, -70, 24, -351]"
1608810908614271085,,[],0,"[65, -70, 24, -351]"
1608810908614274262,,[],0,"[65, -70, 24, -351]"
1608810908614277467,,[],0,"[65, -70, 24, -351]"
1608810908614280132,,[],0,"[65, -70, 24, -351]"
1608810908614285561,,[],0,"[65, -70, 24, -351]"
1608810908633999206,,[],0,"[65, -70, 24, -351]"
1608810908634394159,,[],0,"[53, -84, 22, -269]"
1608810908657111341,,[],0,"[53, -84, 22, -269]"
1608810908712403559,,[],0,"[53, -84, 22, -269]"
1608810908755430727,,[],0,"[53, -84, 22, -269]"
1608810908755457824,,[],0,"[53, -84, 22, -269]"
1608810908755480978,,[],0,"[53, -84, 22, -269]"
1608810908780509928,,[],0,"[53, -84, 22, -269]"
1608810908780555581,,[],0,"[53, -84, 22, -269]"
1608810908812553366,,[],0,"[53, -84, 22, -269]"
1608810908828371851,,[],0,"[53, -84, 22, -269]"
1608810908828498951,,[],0,"[53, -84, 22, -269]"
1608810908859879239,,[],0,"[53, -84, 22, -269]"
1608810908888898351,,[],0,"[53, -84, 22, -269]"
1608810908915611253,,[],0,"[56, -120, 28, -238]"
1608810908939763470,,[],0,"[56, -120, 28, -238]"
1608810908939787016,,[],0,"[56, -120, 28, -238]"
1608810908965124851,,[],0,"[56, -120, 28, -238]"
1608810908998775052,,[],0,"[56, -120, 28, -238]"
1608810909047046585,,[],0,"[56, -120, 28, -238]"
1608810909047075679,,[],0,"[56, -120, 28, -238]"
1608810909047229224,,[],0,"[56, -120, 28, -238]"
1608810909075149060,,[],0,"[56, -120, 28, -238]"
1608810909089085346,,[],0,"[56, -120, 28, -238]"
1608810909089158658,,[],0,"[56, -120, 28, -238]"
1608810909109040418,,[],0,"[56, -120, 28, -238]"
1608810909138915187,,[],0,"[56, -120, 28, -238]"
1608810909339268766,,[],0,"[56, -120, 28, -238]"
1608810909372657201,,[],0,"[47, -182, 29, -160]"
1608810909372718987,,[],0,"[47, -182, 29, -160]"
1608810909372740130,,[],0,"[47, -182, 29, -160]"
1608810909372779639,,[],0,"[47, -182, 29, -160]"
1608810909372807038,,[],0,"[47, -182, 29, -160]"
1608810909372854302,,[],0,"[47, -182, 29, -160]"
1608810909372964620,,[],0,"[47, -182, 29, -160]"
1608810909373012780,,[],0,"[47, -182, 29, -160]"
1608810909373026659,,[],0,"[47, -182, 29, -160]"
1608810909373098178,,[],0,"[47, -182, 29, -160]"
1608810909410765306,,[],0,"[47, -182, 29, -160]"
1608810909411165282,,[],0,"[47, -182, 29, -160]"
1608810909453830369,,[],0,"[47, -182, 29, -160]"
1608810909477992623,,[],0,"[34, -384, 26, -68]"
1608810909478019173,,[],0,"[34, -384, 26, -68]"
1608810909491143344,,[],0,"[34, -384, 26, -68]"
1608810909509765139,,[],0,"[34, -384, 26, -68]"
1608810909530276611,,[],0,"[34, -384, 26, -68]"
1608810909559158670,,[],0,"[34, -384, 26, -68]"
1608810909559238212,,[],0,"[34, -384, 26, -68]"
1608810909579394173,,[],0,"[34, -384, 26, -68]"
1608810909606957618,,[],0,"[34, -384, 26, -68]"
1608810909627865707,,[],0,"[34, -384, 26, -68]"
1608810909671045252,,[],0,"[34, -384, 26, -68]"
1608810909705495232,,[],0,"[34, -384, 26, -68]"
1608810909705503150,,[],0,"[34, -384, 26, -68]"
1608810909705524888,,[],0,"[34, -384, 26, -68]"
1608810909722112229,,[],0,"[34, -384, 26, -68]"
1608810909750792628,,[],0,"[10, 155, 6, 40]"
1608810909772216744,,[],0,"[10, 155, 6, 40]"
1608810909772223576,,[],0,"[10, 155, 6, 40]"
1608810909790235504,,[],0,"[10, 155, 6, 40]"
1608810909813499903,,[],0,"[10, 155, 6, 40]"
1608810909830215613,,[],0,"[10, 155, 6, 40]"
1608810909853697055,,[],0,"[10, 155, 6, 40]"
1608810909877089856,,[],0,"[10, 155, 6, 40]"
1608810909920973851,,[],0,"[10, 155, 6, 40]"
1608810909949406697,,[],0,"[10, 155, 6, 40]"
1608810909949434267,,[],0,"[10, 155, 6, 40]"
1608810909989842121,,[],0,"[10, 155, 6, 40]"
1608810909989848960,,[],0,"[10, 155, 6, 40]"
1608810910008522581,,[],0,"[36, 114, 18, 158]"
1608810910042337427,,[],0,"[36, 114, 18, 158]"
1608810910042358463,,[],0,"[36, 114, 18, 158]"
1608810910068011365,,[],0,"[36, 114, 18, 158]"
1608810910091731256,,[],0,"[36, 114, 18, 158]"
1608810910110535269,,[],0,"[36, 114, 18, 158]"
1608810910132627675,,[],0,"[36, 114, 18, 158]"
1608810910158290014,,[],0,"[36, 114, 18, 158]"
1608810910192989847,,[],0,"[36, 114, 18, 158]"
1608810910193009842,,[],0,"[36, 114, 18, 158]"
1608810910218208411,,[],0,"[36, 114, 18, 158]"
1608810910241709746,,[],0,"[36, 114, 18, 158]"
1608810910241796035,,[],0,"[36, 114, 18, 158]"
1608810910264751578,,[],0,"[36, 114, 18, 158]"
1608810910285616746,,[],0,"[52, 79, 21, 271]"
1608810910304563753,,[],0,"[52, 79, 21, 271]"
1608810910323774027,,[],0,"[52, 79, 21, 271]"
1608810910343294055,,[],0,"[52, 79, 21, 271]"
1608810910366820535,,[],0,"[52, 79, 21, 271]"
1608810910398073998,,[],0,"[52, 79, 21, 271]"
1608810910430406090,,[],0,"[52, 79, 21, 271]"
1608810910430450768,,[],0,"[52, 79, 21, 271]"
1608810910504033885,,[],0,"[52, 79, 21, 271]"
1608810910526869277,,[],0,"[52, 79, 21, 271]"
1608810910526879747,,[],0,"[52, 79, 21, 271]"
1608810910526922703,,[],0,"[52, 79, 21, 271]"
1608810910526927507,,[],0,"[52, 79, 21, 271]"
1608810910559005070,,[],0,"[93, 155, 53, 345]"
1608810910581017693,,[],0,"[93, 155, 53, 345]"
1608810910581046666,,[],0,"[93, 155, 53, 345]"
1608810910608363910,,[],0,"[93, 155, 53, 345]"
1608810910644093196,,[],0,"[93, 155, 53, 345]"
1608810910669233291,,[],0,"[93, 155, 53, 345]"
1608810910669293661,,[],0,"[93, 155, 53, 345]"
1608810910691071326,,[],0,"[93, 155, 53, 345]"
1608810910713560554,,[],0,"[93, 155, 53, 345]"
1608810910742243273,,[],0,"[93, 155, 53, 345]"
1608810910742261307,,[],0,"[93, 155, 53, 345]"
1608810910770496640,,[],0,"[93, 155, 53, 345]"
1608810910814197610,,[],0,"[93, 155, 53, 345]"
1608810910814540073,,[],0,"[93, 155, 53, 345]"
1608810910849224277,,[],0,"[93, 155, 53, 345]"
1608810910849238696,,[],0,"[93, 155, 53, 345]"
1608810910872448494,,[],0,"[104, 125, 54, 435]"
1608810910900200273,,[],0,"[104, 125, 54, 435]"
1608810910929781450,,[],0,"[104, 125, 54, 435]"
1608810910929813402,,[],0,"[104, 125, 54, 435]"
1608810910974669991,,[],0,"[104, 125, 54, 435]"
1608810911004112177,,[],0,"[104, 125, 54, 435]"
1608810911004136566,,[],0,"[104, 125, 54, 435]"
1608810911004263699,,[],0,"[104, 125, 54, 435]"
1608810911038285394,,[],0,"[104, 125, 54, 435]"
1608810911060968809,,[],0,"[104, 125, 54, 435]"
1608810911060982723,,[],0,"[104, 125, 54, 435]"
1608810911099329086,,[],0,"[104, 125, 54, 435]"
1608810911120456666,,[],0,"[126, 105, 60, 573]"
1608810911120527890,,[],0,"[126, 105, 60, 573]"
1608810911140440411,,[],0,"[126, 105, 60, 573]"
1608810911158285916,,[],0,"[126, 105, 60, 573]"
1608810911176919595,,[],0,"[126, 105, 60, 573]"
1608810911201447839,,[],0,"[126, 105, 60, 573]"
1608810911227236787,,[],0,"[126, 105, 60, 573]"
1608810911257515897,,[],0,"[126, 105, 60, 573]"
1608810911277635435,,[],0,"[126, 105, 60, 573]"
1608810911299807311,,[],0,"[126, 105, 60, 573]"
1608810911299839407,,[],0,"[126, 105, 60, 573]"
1608810911334908612,,[],0,"[126, 105, 60, 573]"
1608810911355528401,,[],0,"[126, 105, 60, 573]"
1608810911378423630,,[],0,"[126, 105, 60, 573]"
1608810911404037558,,[],0,"[159, 103, 75, 731]"
1608810911404230457,,[],0,"[159, 103, 75, 731]"
1608810911424046843,,[],0,"[159, 103, 75, 731]"
1608810911450168867,,[],0,"[159, 103, 75, 731]"
1608810911501068390,,[],0,"[159, 103, 75, 731]"
1608810911501090249,,[],0,"[159, 103, 75, 731]"
1608810911545159132,,[],0,"[159, 103, 75, 731]"
1608810911545171657,,[],0,"[159, 103, 75, 731]"
1608810911567267387,,[],0,"[159, 103, 75, 731]"
1608810911567346414,,[],0,"[159, 103, 75, 731]"
1608810911612578538,,[],0,"[159, 103, 75, 731]"
1608810911645672818,,[],0,"[159, 103, 75, 731]"
1608810911645685675,,[],0,"[159, 103, 75, 731]"
1608810911666683994,,[],0,"[174, 130, 92, 709]"
1608810911666818243,,[],0,"[174, 130, 92, 709]"
1608810911690655173,,[],0,"[174, 130, 92, 709]"
1608810911718415652,,[],0,"[174, 130, 92, 709]"
1608810911746058520,,[],0,"[174, 130, 92, 709]"
1608810911746535480,,[],0,"[174, 130, 92, 709]"
1608810911792410844,,[],0,"[174, 130, 92, 709]"
1608810911838809127,,[],0,"[174, 130, 92, 709]"
1608810911838821837,,[],0,"[174, 130, 92, 709]"
1608810911838833651,,[],0,"[174, 130, 92, 709]"
1608810911865356796,,[],0,"[174, 130, 92, 709]"
1608810911865407890,,[],0,"[174, 130, 92, 709]"
1608810911894704097,,[],0,"[166, 151, 94, 624]"
1608810911916151746,,[],0,"[166, 151, 94, 624]"
1608810911939160539,,[],0,"[166, 151, 94, 624]"
1608810911981709979,,[],0,"[166, 151, 94, 624]"
1608810911981813339,,[],0,"[166, 151, 94, 624]"
1608810912022370317,,[],0,"[166, 151, 94, 624]"
1608810912022400523,,[],0,"[166, 151, 94, 624]"
1608810912059269328,,[],0,"[166, 151, 94, 624]"
1608810912059325786,,[],0,"[166, 151, 94, 624]"
1608810912145296837,,[],0,"[166, 151, 94, 624]"
1608810912145341154,,[],0,"[166, 151, 94, 624]"
1608810912251247494,,[],0,"[166, 151, 94, 624]"
1608810912251265064,,[],0,"[166, 151, 94, 624]"
1608810912251279216,,[],0,"[163, 256, 113, 441]"
1608810912251359851,,[],0,"[163, 256, 113, 441]"
1608810912309012182,,[],0,"[163, 256, 113, 441]"
1608810912309039513,,[],0,"[163, 256, 113, 441]"
1608810912309135585,,[],0,"[163, 256, 113, 441]"
1608810912309219161,,[],0,"[163, 256, 113, 441]"
1608810912309265523,,[],0,"[163, 256, 113, 441]"
1608810912309358716,,[],0,"[163, 256, 113, 441]"
1608810912333650889,,[],0,"[163, 256, 113, 441]"
1608810912333663564,,[],0,"[163, 256, 113, 441]"
1608810912403142230,,[],0,"[163, 256, 113, 441]"
1608810912431509538,,[],0,"[163, 256, 113, 441]"
1608810912431555619,,[],0,"[163, 296, 117, 397]"
1608810912431616218,,[],0,"[163, 296, 117, 397]"
1608810912431671070,,[],0,"[163, 296, 117, 397]"
1608810912476368997,,[],0,"[163, 296, 117, 397]"
1608810912585017966,,[],0,"[163, 296, 117, 397]"
1608810912585037410,,[],0,"[163, 296, 117, 397]"
1608810912630981924,,[],0,"[163, 296, 117, 397]"
1608810912631067957,,[],0,"[163, 296, 117, 397]"
1608810912631118554,,[],0,"[163, 296, 117, 397]"
1608810912631138681,,[],0,"[163, 296, 117, 397]"
1608810912631149724,,[],0,"[163, 296, 117, 397]"
1608810912631361755,,[],0,"[163, 296, 117, 397]"
1608810912731489309,,[],0,"[163, 296, 117, 397]"
1608810912731546299,,[],0,"[165, 449, 131, 293]"
1608810912770952217,,[],0,"[165, 449, 131, 293]"
1608810912770982852,,[],0,"[165, 449, 131, 293]"
1608810912770993030,,[],0,"[165, 449, 131, 293]"
1608810912771008035,,[],0,"[165, 449, 131, 293]"
1608810912771089673,,[],0,"[165, 449, 131, 293]"
1608810912806218100,,[],0,"[165, 449, 131, 293]"
1608810912806244050,,[],0,"[165, 449, 131, 293]"
1608810912827106548,,[],0,"[165, 449, 131, 293]"
1608810912827135575,,[],0,"[165, 449, 131, 293]"
1608810912853275759,,[],0,"[165, 449, 131, 293]"
1608810912886013066,,[],0,"[165, 449, 131, 293]"
1608810912911577033,,[],0,"[172, 520, 141, 271]"
1608810912911630473,,[],0,"[172, 520, 141, 271]"
1608810912946491546,,[],0,"[172, 520, 141, 271]"
1608810912970135643,,[],0,"[172, 520, 141, 271]"
1608810912970149515,,[],0,"[172, 520, 141, 271]"
1608810912995832894,,[],0,"[172, 520, 141, 271]"
1608810913015060637,,[],0,"[172, 520, 141, 271]"
1608810913044697886,,[],0,"[172, 520, 141, 271]"
1608810913044736355,,[],0,"[172, 520, 141, 271]"
1608810913060866018,,[],0,"[172, 520, 141, 271]"
1608810913086325939,,[],0,"[172, 520, 141, 271]"
1608810913115384737,,[],0,"[172, 520, 141, 271]"
1608810913153374499,,[],0,"[172, 520, 141, 271]"
1608810913153393885,,[],0,"[172, 520, 141, 271]"
1608810913181864688,,[],0,"[172, 520, 141, 271]"
1608810913181885685,,[],0,"[172, 520, 141, 271]"
1608810913201264702,,[],0,"[180, 576, 150, 260]"
1608810913232572450,,[],0,"[180, 576, 150, 260]"
1608810913266145885,,[],0,"[180, 576, 150, 260]"
1608810913266272199,,[],0,"[180, 576, 150, 260]"
1608810913294021487,,[],0,"[180, 576, 150, 260]"
1608810913315786863,,[],0,"[180, 576, 150, 260]"
1608810913336886658,,[],0,"[180, 576, 150, 260]"
1608810913355988260,,[],0,"[180, 576, 150, 260]"
1608810913377928186,,[],0,"[180, 576, 150, 260]"
1608810913400648317,,[],0,"[180, 576, 150, 260]"
1608810913414417337,,[],0,"[180, 576, 150, 260]"
1608810913437674222,,[],0,"[180, 576, 150, 260]"
1608810913459410424,,[],0,"[180, 576, 150, 260]"
1608810913459428163,,[],0,"[189, 704, 162, 231]"
1608810913484031321,,[],0,"[189, 704, 162, 231]"
1608810913509861401,,[],0,"[189, 704, 162, 231]"
1608810913537657008,,[],0,"[189, 704, 162, 231]"
1608810913557454731,,[],0,"[189, 704, 162, 231]"
1608810913585453017,,[],0,"[189, 704, 162, 231]"
1608810913638709339,,[],0,"[189, 704, 162, 231]"
1608810913638722654,,[],0,"[189, 704, 162, 231]"
1608810913638744567,,[],0,"[189, 704, 162, 231]"
1608810913667006197,,[],0,"[189, 704, 162, 231]"
1608810913667015929,,[],0,"[189, 704, 162, 231]"
1608810913685078055,,[],0,"[189, 704, 162, 231]"
1608810913704833475,,[],0,"[189, 704, 162, 231]"
1608810913729369620,,[],0,"[186, 1123, 169, 150]"
1608810913753820788,,[],0,"[186, 1123, 169, 150]"
1608810913809056974,,[],0,"[186, 1123, 169, 150]"
1608810913809166060,,[],0,"[186, 1123, 169, 150]"
1608810913845382680,,[],0,"[186, 1123, 169, 150]"
1608810913845402217,,[],0,"[186, 1123, 169, 150]"
1608810913863379692,,[],0,"[186, 1123, 169, 150]"
1608810913863394512,,[],0,"[186, 1123, 169, 150]"
1608810913888761576,,[],0,"[186, 1123, 169, 150]"
1608810913904576569,,[],0,"[186, 1123, 169, 150]"
1608810913972733576,,[],0,"[186, 1123, 169, 150]"
1608810913972813646,,[],0,"[186, 1123, 169, 150]"
1608810914030312493,,[],0,"[186, 1123, 169, 150]"
1608810914030317117,,[],0,"[211, 799, 184, 231]"
1608810914030321442,,[],0,"[211, 799, 184, 231]"
1608810914052123370,,[],0,"[211, 799, 184, 231]"
1608810914052142634,,[],0,"[211, 799, 184, 231]"
1608810914087881132,,[],0,"[211, 799, 184, 231]"
1608810914087950269,,[],0,"[211, 799, 184, 231]"
1608810914107286050,,[],0,"[211, 799, 184, 231]"
1608810914156455745,,[],0,"[211, 799, 184, 231]"
1608810914177645289,,[],0,"[211, 799, 184, 231]"
1608810914177689634,,[],0,"[211, 799, 184, 231]"
1608810914200898001,,[],0,"[211, 799, 184, 231]"
1608810914230146589,,[],0,"[211, 799, 184, 231]"
1608810914247415781,,[],0,"[211, 799, 184, 231]"
1608810914247464523,,[],0,"[228, 608, 192, 315]"
1608810914271468750,,[],0,"[228, 608, 192, 315]"
1608810914300863345,,[],0,"[228, 608, 192, 315]"
1608810914351090324,,[],0,"[228, 608, 192, 315]"
1608810914351213159,,[],0,"[228, 608, 192, 315]"
1608810914381392729,,[],0,"[228, 608, 192, 315]"
1608810914381415566,,[],0,"[228, 608, 192, 315]"
1608810914395472603,,[],0,"[228, 608, 192, 315]"
1608810914429236596,,[],0,"[228, 608, 192, 315]"
1608810914458367747,,[],0,"[228, 608, 192, 315]"
1608810914458505959,,[],0,"[228, 608, 192, 315]"
1608810914508865824,,[],0,"[228, 608, 192, 315]"
1608810914508877118,,[],0,"[228, 608, 192, 315]"
1608810914508951534,,[],0,"[228, 608, 192, 315]"
1608810914556151980,,[],0,"[224, 761, 194, 255]"
1608810914556157815,,[],0,"[224, 761, 194, 255]"
1608810914580265209,,[],0,"[224, 761, 194, 255]"
1608810914604215959,,[],0,"[224, 761, 194, 255]"
1608810914633650953,,[],0,"[224, 761, 194, 255]"
1608810914633681707,,[],0,"[224, 761, 194, 255]"
1608810914663578426,,[],0,"[224, 761, 194, 255]"
1608810914688002734,,[],0,"[224, 761, 194, 255]"
1608810914688182580,,[],0,"[224, 761, 194, 255]"
1608810914723775828,,[],0,"[224, 761, 194, 255]"
1608810914739565163,,[],0,"[224, 761, 194, 255]"
1608810914769847613,,[],0,"[224, 761, 194, 255]"
1608810914769861731,,[],0,"[224, 761, 194, 255]"
1608810914802684500,,[],0,"[214, 1479, 198, 134]"
1608810914831000019,,[],0,"[214, 1479, 198, 134]"
1608810914831025362,,[],0,"[214, 1479, 198, 134]"
1608810914851131023,,[],0,"[214, 1479, 198, 134]"
1608810914867427171,,[],0,"[214, 1479, 198, 134]"
1608810914892112283,,[],0,"[214, 1479, 198, 134]"
1608810914926991449,,[],0,"[214, 1479, 198, 134]"
1608810914949661173,,[],0,"[214, 1479, 198, 134]"
1608810914949705105,,[],0,"[214, 1479, 198, 134]"
1608810914964882557,,[],0,"[214, 1479, 198, 134]"
1608810914990313320,,[],0,"[214, 1479, 198, 134]"
1608810915029006156,,[],0,"[214, 1479, 198, 134]"
1608810915071003899,,[],0,"[214, 1479, 198, 134]"
1608810915071010908,,[],0,"[201, 22371, 199, 8]"
1608810915097307603,,[],0,"[201, 22371, 199, 8]"
1608810915097338953,,[],0,"[201, 22371, 199, 8]"
1608810915121769222,,[],0,"[201, 22371, 199, 8]"
1608810915146133952,,[],0,"[201, 22371, 199, 8]"
1608810915199201429,,[],0,"[201, 22371, 199, 8]"
1608810915199217034,,[],0,"[201, 22371, 199, 8]"
1608810915243038476,,[],0,"[201, 22371, 199, 8]"
1608810915243114978,,[],0,"[201, 22371, 199, 8]"
1608810915276211789,,[],0,"[201, 22371, 199, 8]"
1608810915276267715,,[],0,"[201, 22371, 199, 8]"
1608810915276311894,,[],0,"[201, 22371, 199, 8]"
1608810915320939316,,[],0,"[201, 22371, 199, 8]"
1608810915339570197,,[],0,"[200, 32767, 199, 1]"
1608810915339586159,,[],0,"[200, 32767, 199, 1]"
1608810915358360025,,[],0,"[200, 32767, 199, 1]"
1608810915377689173,,[],0,"[200, 32767, 199, 1]"
1608810915443142335,,[],0,"[200, 32767, 199, 1]"
1608810915443169396,,[],0,"[200, 32767, 199, 1]"
1608810915443185685,,[],0,"[200, 32767, 199, 1]"
1608810915466101118,,[],0,"[200, 32767, 199, 1]"
1608810915494517983,,[],0,"[200, 32767, 199, 1]"
1608810915526393754,,[],0,"[200, 32767, 199, 1]"
1608810915526455415,,[],0,"[200, 32767, 199, 1]"
1608810915543725396,,[],0,"[200, 32767, 199, 1]"
1608810915567570135,,[],0,"[203, 5650, 199, 35]"
1608810915567701549,,[],0,"[203, 5650, 199, 35]"
1608810915600774825,,[],0,"[203, 5650, 199, 35]"
1608810915622375187,,[],0,"[203, 5650, 199, 35]"
1608810915650510261,,[],0,"[203, 5650, 199, 35]"
1608810915712168778,,[],0,"[203, 5650, 199, 35]"
1608810915712219236,,[],0,"[203, 5650, 199, 35]"
1608810915740710636,,[],0,"[203, 5650, 199, 35]"
1608810915740766535,,[],0,"[203, 5650, 199, 35]"
1608810915778955929,,[],0,"[203, 5650, 199, 35]"
1608810915779008342,,[],0,"[203, 5650, 199, 35]"
1608810915849596194,,[],0,"[203, 5650, 199, 35]"
1608810915849630034,,[],0,"[203, 5650, 199, 35]"
1608810915849663353,,[],0,"[203, 5650, 199, 35]"
1608810915849703788,,[],0,"[203, 5650, 199, 35]"
1608810915883954811,,[],0,"[203, 5650, 199, 35]"
1608810915883981280,,[],0,"[203, 6651, 199, 30]"
1608810915930910056,,[],0,"[203, 6651, 199, 30]"
1608810915930960732,,[],0,"[203, 6651, 199, 30]"
1608810915953402138,,[],0,"[203, 6651, 199, 30]"
1608810915982805539,,[],0,"[203, 6651, 199, 30]"
1608810915982856129,,[],0,"[203, 6651, 199, 30]"
1608810916004152780,,[],0,"[203, 6651, 199, 30]"
1608810916032359899,,[],0,"[203, 6651, 199, 30]"
1608810916067873854,,[],0,"[203, 6651, 199, 30]"
1608810916067946818,,[],0,"[203, 6651, 199, 30]"
1608810916094161921,,[],0,"[203, 6651, 199, 30]"
1608810916123029517,,[],0,"[203, 6651, 199, 30]"
1608810916123129438,,[],0,"[203, 6651, 199, 30]"
1608810916143687409,,[],0,"[200, 32767, 199, 1]"
1608810916163410402,,[],0,"[200, 32767, 199, 1]"
1608810916189837139,,[],0,"[200, 32767, 199, 1]"
1608810916218751204,,[],0,"[200, 32767, 199, 1]"
1608810916218797806,,[],0,"[200, 32767, 199, 1]"
1608810916255019425,,[],0,"[200, 32767, 199, 1]"
1608810916279785005,,[],0,"[200, 32767, 199, 1]"
1608810916279812572,,[],0,"[200, 32767, 199, 1]"
1608810916298367860,,[],0,"[200, 32767, 199, 1]"
1608810916328372596,,[],0,"[200, 32767, 199, 1]"
1608810916362005209,,[],0,"[200, 32767, 199, 1]"
1608810916362140039,,[],0,"[200, 32767, 199, 1]"
1608810916382264299,,[],0,"[201, -21049, 199, -9]"
1608810916427695080,,[],0,"[201, -21049, 199, -9]"
1608810916452028577,,[],0,"[201, -21049, 199, -9]"
1608810916452059935,,[],0,"[201, -21049, 199, -9]"
1608810916452118845,,[],0,"[201, -21049, 199, -9]"
1608810916477124771,,[],0,"[201, -21049, 199, -9]"
1608810916493301663,,[],0,"[201, -21049, 199, -9]"
1608810916527212395,,[],0,"[201, -21049, 199, -9]"
1608810916554014381,,[],0,"[201, -21049, 199, -9]"
1608810916554090639,,[],0,"[201, -21049, 199, -9]"
1608810916598465906,,[],0,"[201, -21049, 199, -9]"
1608810916633618295,,[],0,"[201, -21049, 199, -9]"
1608810916633703700,,[],0,"[201, -21049, 199, -9]"
1608810916660218129,,[],0,"[202, -9585, 199, -20]"
1608810916660331902,,[],0,"[202, -9585, 199, -20]"
1608810916685843640,,[],0,"[202, -9585, 199, -20]"
1608810916711241784,,[],0,"[202, -9585, 199, -20]"
1608810916746002052,,[],0,"[202, -9585, 199, -20]"
1608810916746044405,,[],0,"[202, -9585, 199, -20]"
1608810916772389458,,[],0,"[202, -9585, 199, -20]"
1608810916794174405,,[],0,"[202, -9585, 199, -20]"
1608810916794243972,,[],0,"[202, -9585, 199, -20]"
1608810916822036958,,[],0,"[202, -9585, 199, -20]"
1608810916856135975,,[],0,"[202, -9585, 199, -20]"
1608810916875449219,,[],0,"[202, -9585, 199, -20]"
1608810916875458164,,[],0,"[202, -9585, 199, -20]"
1608810916907807477,,[],0,"[203, -5852, 199, -34]"
1608810916937636764,,[],0,"[203, -5852, 199, -34]"
1608810916956868272,,[],0,"[203, -5852, 199, -34]"
1608810916956906757,,[],0,"[203, -5852, 199, -34]"
1608810916985382661,,[],0,"[203, -5852, 199, -34]"
1608810917030440025,,[],0,"[203, -5852, 199, -34]"
1608810917030479487,,[],0,"[203, -5852, 199, -34]"
1608810917068256515,,[],0,"[203, -5852, 199, -34]"
1608810917068300285,,[],0,"[203, -5852, 199, -34]"
1608810917102769441,,[],0,"[203, -5852, 199, -34]"
1608810917123995772,,[],0,"[203, -5852, 199, -34]"
1608810917124033709,,[],0,"[203, -5852, 199, -34]"
1608810917160551958,,[],0,"[203, -5646, 199, -35]"
1608810917190977660,,[],0,"[203, -5646, 199, -35]"
1608810917191005714,,[],0,"[203, -5646, 199, -35]"
1608810917216254861,,[],0,"[203, -5646, 199, -35]"
1608810917216373983,,[],0,"[203, -5646, 199, -35]"
1608810917253255865,,[],0,"[203, -5646, 199, -35]"
1608810917270836911,,[],0,"[203, -5646, 199, -35]"
1608810917270906301,,[],0,"[203, -5646, 199, -35]"
1608810917294601690,,[],0,"[203, -5646, 199, -35]"
1608810917324526664,,[],0,"[203, -5646, 199, -35]"
1608810917345034746,,[],0,"[203, -5646, 199, -35]"
1608810917396196712,,[],0,"[203, -5646, 199, -35]"
1608810917396269575,,[],0,"[203, -5646, 199, -35]"
1608810917421583529,,[],0,"[203, -5646, 199, -35]"
1608810917442430971,,[],0,"[204, -4951, 199, -40]"
1608810917442500406,,[],0,"[204, -4951, 199, -40]"
1608810917463067357,,[],0,"[204, -4951, 199, -40]"
1608810917485838635,,[],0,"[204, -4951, 199, -40]"
1608810917504668057,,[],0,"[204, -4951, 199, -40]"
1608810917522166287,,[],0,"[204, -4951, 199, -40]"
1608810917542452676,,[],0,"[204, -4951, 199, -40]"
1608810917559465674,,[],0,"[204, -4951, 199, -40]"
1608810917594674618,,[],0,"[204, -4951, 199, -40]"
1608810917630499080,,[],0,"[204, -4951, 199, -40]"
1608810917643758321,,[],0,"[204, -4951, 199, -40]"
1608810917643803875,,[],0,"[204, -4951, 199, -40]"
1608810917671401239,,[],0,"[204, -5221, 199, -38]"
1608810917687792869,,[],0,"[204, -5221, 199, -38]"
1608810917712964356,,[],0,"[204, -5221, 199, -38]"
1608810917734966215,,[],0,"[204, -5221, 199, -38]"
1608810917735011094,,[],0,"[204, -5221, 199, -38]"
1608810917754801345,,[],0,"[204, -5221, 199, -38]"
1608810917787440442,,[],0,"[204, -5221, 199, -38]"
1608810917821623598,,[],0,"[204, -5221, 199, -38]"
1608810917851947855,,[],0,"[204, -5221, 199, -38]"
1608810917851994869,,[],0,"[204, -5221, 199, -38]"
1608810917865519140,,[],0,"[204, -5221, 199, -38]"
1608810917892290683,,[],0,"[204, -5221, 199, -38]"
1608810917913429533,,[],0,"[204, -5221, 199, -38]"
1608810917913448778,,[],0,"[204, -5221, 199, -38]"
1608810917933544119,,[],0,"[204, -5221, 199, -38]"
1608810917956540167,,[],0,"[204, -5042, 199, -39]"
1608810918046163253,,[],0,"[204, -5042, 199, -39]"
1608810918080803983,,[],0,"[204, -5042, 199, -39]"
1608810918080820982,,[],0,"[204, -5042, 199, -39]"
1608810918080833311,,[],0,"[204, -5042, 199, -39]"
1608810918080877796,,[],0,"[204, -5042, 199, -39]"
1608810918117772340,,[],0,"[204, -5042, 199, -39]"
1608810918117830716,,[],0,"[204, -5042, 199, -39]"
1608810918117853316,,[],0,"[204, -5042, 199, -39]"
1608810918156787353,,[],0,"[204, -5042, 199, -39]"
1608810918156825927,,[],0,"[204, -5042, 199, -39]"
1608810918191920539,,[],0,"[204, -5042, 199, -39]"
1608810918231878755,,[],0,"[204, -5042, 199, -39]"
1608810918231903618,,[],0,"[204, -4777, 199, -41]"
1608810918257321703,,[],0,"[204, -4777, 199, -41]"
1608810918319582533,,[],0,"[204, -4777, 199, -41]"
1608810918319827991,,[],0,"[204, -4777, 199, -41]"
1608810918343593728,,[],0,"[204, -4777, 199, -41]"
1608810918345209831,,[],0,"[204, -4777, 199, -41]"
1608810918345494499,,[],0,"[204, -4777, 199, -41]"
1608810918369407937,,[],0,"[204, -4777, 199, -41]"
1608810918398760741,,[],0,"[204, -4777, 199, -41]"
1608810918432903533,,[],0,"[204, -4777, 199, -41]"
1608810918433004685,,[],0,"[204, -4777, 199, -41]"
1608810918455079319,,[],0,"[204, -4777, 199, -41]"
1608810918471700825,,[],0,"[204, -4777, 199, -41]"
1608810918494166474,,[],0,"[205, -4345, 199, -45]"
1608810918530789466,,[],0,"[205, -4345, 199, -45]"
1608810918584306874,,[],0,"[205, -4345, 199, -45]"
1608810918584380774,,[],0,"[205, -4345, 199, -45]"
1608810918584414253,,[],0,"[205, -4345, 199, -45]"
1608810918612313847,,[],0,"[205, -4345, 199, -45]"
1608810918612420607,,[],0,"[205, -4345, 199, -45]"
1608810918638663979,,[],0,"[205, -4345, 199, -45]"
1608810918676619742,,[],0,"[205, -4345, 199, -45]"
1608810918676701162,,[],0,"[205, -4345, 199, -45]"
1608810918745758465,,[],0,"[205, -4345, 199, -45]"
1608810918745820349,,[],0,"[205, -4345, 199, -45]"
1608810918746276597,,[],0,"[205, -4345, 199, -45]"
1608810918774684182,,[],0,"[205, -4345, 199, -45]"
1608810918774754913,,[],0,"[205, -4301, 199, -46]"
1608810918798854458,,[],0,"[205, -4301, 199, -46]"
1608810918854316968,,[],0,"[205, -4301, 199, -46]"
1608810918854443666,,[],0,"[205, -4301, 199, -46]"
1608810918887469427,,[],0,"[205, -4301, 199, -46]"
1608810918887557284,,[],0,"[205, -4301, 199, -46]"
1608810918887602238,,[],0,"[205, -4301, 199, -46]"
1608810918929564119,,[],0,"[205, -4301, 199, -46]"
1608810919006492692,,[],0,"[205, -4301, 199, -46]"
1608810919006498958,,[],0,"[205, -4301, 199, -46]"
1608810919006505470,,[],0,"[205, -4301, 199, -46]"
1608810919006512011,,[],0,"[205, -4301, 199, -46]"
1608810919031206002,,[],0,"[205, -3708, 199, -53]"
1608810919031281008,,[],0,"[205, -3708, 199, -53]"
1608810919058352871,,[],0,"[205, -3708, 199, -53]"
1608810919084858712,,[],0,"[205, -3708, 199, -53]"
1608810919112222100,,[],0,"[205, -3708, 199, -53]"
1608810919112235181,,[],0,"[205, -3708, 199, -53]"
1608810919140058105,,[],0,"[205, -3708, 199, -53]"
1608810919167939345,,[],0,"[205, -3708, 199, -53]"
1608810919167950449,,[],0,"[205, -3708, 199, -53]"
1608810919202296949,,[],0,"[205, -3708, 199, -53]"
1608810919248759838,,[],0,"[205, -3708, 199, -53]"
1608810919248775161,,[],0,"[205, -3708, 199, -53]"
1608810919248787671,,[],0,"[205, -3708, 199, -53]"
1608810919284816004,,[],0,"[206, -3517, 199, -56]"
1608810919333005152,,[],0,"[206, -3517, 199, -56]"
1608810919333067191,,[],0,"[206, -3517, 199, -56]"
1608810919367802682,,[],0,"[206, -3517, 199, -56]"
1608810919367846881,,[],0,"[206, -3517, 199, -56]"
1608810919397805271,,[],0,"[206, -3517, 199, -56]"
1608810919397831818,,[],0,"[206, -3517, 199, -56]"
1608810919417826857,,[],0,"[206, -3517, 199, -56]"
1608810919441363570,,[],0,"[206, -3517, 199, -56]"
1608810919441453774,,[],0,"[206, -3517, 199, -56]"
1608810919473396995,,[],0,"[206, -3517, 199, -56]"
1608810919539349966,,[],0,"[206, -3325, 199, -60]"
1608810919539406173,,[],0,"[206, -3325, 199, -60]"
1608810919539429691,,[],0,"[206, -3325, 199, -60]"
1608810919565182084,,[],0,"[206, -3325, 199, -60]"
1608810919565252159,,[],0,"[206, -3325, 199, -60]"
1608810919592904844,,[],0,"[206, -3325, 199, -60]"
1608810919612595658,,[],0,"[206, -3325, 199, -60]"
1608810919635226004,,[],0,"[206, -3325, 199, -60]"
1608810919680587703,,[],0,"[206, -3325, 199, -60]"
1608810919680694498,,[],0,"[206, -3325, 199, -60]"
1608810919729243123,,[],0,"[206, -3325, 199, -60]"
1608810919729300191,,[],0,"[206, -3325, 199, -60]"
1608810919782221140,,[],0,"[206, -3325, 199, -60]"
1608810919782234374,,[],0,"[206, -3282, 199, -60]"
1608810919782258718,,[],0,"[206, -3282, 199, -60]"
1608810919823863982,,[],0,"[206, -3282, 199, -60]"
1608810919823881361,,[],0,"[206, -3282, 199, -60]"
1608810919848685274,,[],0,"[206, -3282, 199, -60]"
1608810919848714387,,[],0,"[206, -3282, 199, -60]"
1608810919874678486,,[],0,"[206, -3282, 199, -60]"
1608810919891876480,,[],0,"[206, -3282, 199, -60]"
1608810919916047319,,[],0,"[206, -3282, 199, -60]"
1608810919933418117,,[],0,"[206, -3282, 199, -60]"
1608810919964950492,,[],0,"[206, -3282, 199, -60]"
1608810919965003523,,[],0,"[206, -3282, 199, -60]"
1608810920003828491,,[],0,"[206, -3282, 199, -60]"
1608810920048995122,,[],0,"[207, -3013, 199, -66]"
1608810920049250752,,[],0,"[207, -3013, 199, -66]"
1608810920049279812,,[],0,"[207, -3013, 199, -66]"
1608810920081136936,,[],0,"[207, -3013, 199, -66]"
1608810920103276341,,[],0,"[207, -3013, 199, -66]"
1608810920120602720,,[],0,"[207, -3013, 199, -66]"
1608810920151160213,,[],0,"[207, -3013, 199, -66]"
1608810920151177768,,[],0,"[207, -3013, 199, -66]"
1608810920170794276,,[],0,"[207, -3013, 199, -66]"
1608810920201210423,,[],0,"[207, -3013, 199, -66]"
1608810920254518653,,[],0,"[207, -3013, 199, -66]"
1608810920254545197,,[],0,"[207, -3013, 199, -66]"
1608810920275963530,,[],0,"[207, -3013, 199, -66]"
1608810920275970304,,[],0,"[207, -2873, 199, -69]"
1608810920318047006,,[],0,"[207, -2873, 199, -69]"
1608810920318100917,,[],0,"[207, -2873, 199, -69]"
1608810920348019800,,[],0,"[207, -2873, 199, -69]"
1608810920348063133,,[],0,"[207, -2873, 199, -69]"
1608810920391339159,,[],0,"[207, -2873, 199, -69]"
1608810920413272354,,[],0,"[207, -2873, 199, -69]"
1608810920413330132,,[],0,"[207, -2873, 199, -69]"
1608810920438292108,,[],0,"[207, -2873, 199, -69]"
1608810920458926860,,[],0,"[207, -2873, 199, -69]"
1608810920490293545,,[],0,"[207, -2873, 199, -69]"
1608810920507469461,,[],0,"[207, -2873, 199, -69]"
1608810920507490468,,[],0,"[207, -2873, 199, -69]"
1608810920529966393,,[],0,"[207, -2873, 199, -69]"
1608810920585903504,,[],0,"[207, -2764, 199, -72]"
1608810920614999596,,[],0,"[207, -2764, 199, -72]"
1608810920615012150,,[],0,"[207, -2764, 199, -72]"
1608810920615052253,,[],0,"[207, -2764, 199, -72]"
1608810920638518932,,[],0,"[207, -2764, 199, -72]"
1608810920653259027,,[],0,"[207, -2764, 199, -72]"
1608810920687006016,,[],0,"[207, -2764, 199, -72]"
1608810920687100704,,[],0,"[207, -2764, 199, -72]"
1608810920738998161,,[],0,"[207, -2764, 199, -72]"
1608810920739077285,,[],0,"[207, -2764, 199, -72]"
1608810920770374514,,[],0,"[207, -2764, 199, -72]"
1608810920787848700,,[],0,"[207, -2764, 199, -72]"
1608810920787902632,,[],0,"[207, -2764, 199, -72]"
1608810920809870287,,[],0,"[208, -2535, 199, -78]"
1608810920821234436,,[],0,"[208, -2535, 199, -78]"
1608810920841886205,,[],0,"[208, -2535, 199, -78]"
1608810920859593591,,[],0,"[208, -2535, 199, -78]"
1608810920899645717,,[],0,"[208, -2535, 199, -78]"
1608810920934023892,,[],0,"[208, -2535, 199, -78]"
1608810920964043918,,[],0,"[208, -2535, 199, -78]"
1608810920964091047,,[],0,"[208, -2535, 199, -78]"
1608810920992226733,,[],0,"[208, -2535, 199, -78]"
1608810920992275616,,[],0,"[208, -2535, 199, -78]"
1608810921036606058,,[],0,"[208, -2535, 199, -78]"
1608810921063150509,,[],0,"[208, -2535, 199, -78]"
1608810921063196195,,[],0,"[208, -2535, 199, -78]"
1608810921084959050,,[],0,"[199, -2435, 190, -78]"
1608810921084997939,,[],0,"[199, -2435, 190, -78]"
1608810921101329307,,[],0,"[199, -2435, 190, -78]"
1608810921124699378,,[],0,"[199, -2435, 190, -78]"
1608810921153059900,,[],0,"[199, -2435, 190, -78]"
1608810921180408658,,[],0,"[199, -2435, 190, -78]"
1608810921202279274,,[],0,"[199, -2435, 190, -78]"
1608810921256228556,,[],0,"[199, -2435, 190, -78]"
1608810921256876875,,[],0,"[199, -2435, 190, -78]"
1608810921291550325,,[],0,"[199, -2435, 190, -78]"
1608810921291580834,,[],0,"[199, -2435, 190, -78]"
1608810921317036646,,[],0,"[199, -2435, 190, -78]"
1608810921317063374,,[],0,"[199, -2435, 190, -78]"
1608810921381112626,,[],0,"[199, -2443, 190, -77]"
1608810921406319071,,[],0,"[199, -2443, 190, -77]"
1608810921406367485,,[],0,"[199, -2443, 190, -77]"
1608810921406506986,,[],0,"[199, -2443, 190, -77]"
1608810921433427243,,[],0,"[199, -2443, 190, -77]"
1608810921433505765,,[],0,"[199, -2443, 190, -77]"
1608810921480831789,,[],0,"[199, -2443, 190, -77]"
1608810921480855100,,[],0,"[199, -2443, 190, -77]"
1608810921515974150,,[],0,"[199, -2443, 190, -77]"
1608810921569551574,,[],0,"[199, -2443, 190, -77]"
1608810921569821510,,[],0,"[199, -2443, 190, -77]"
1608810921569847870,,[],0,"[199, -2443, 190, -77]"
1608810921600022202,,[],0,"[199, -2443, 190, -77]"
1608810921600038854,,[],0,"[186, -2640, 178, -67]"
1608810921629240212,,[],0,"[186, -2640, 178, -67]"
1608810921666061618,,[],0,"[186, -2640, 178, -67]"
1608810921666172687,,[],0,"[186, -2640, 178, -67]"
1608810921696718554,,[],0,"[186, -2640, 178, -67]"
1608810921696731013,,[],0,"[186, -2640, 178, -67]"
1608810921727329781,,[],0,"[186, -2640, 178, -67]"
1608810921727380750,,[],0,"[186, -2640, 178, -67]"
1608810921796266563,,[],0,"[186, -2640, 178, -67]"
1608810921828366436,,[],0,"[186, -2640, 178, -67]"
1608810921828377815,,[],0,"[186, -2640, 178, -67]"
1608810921828405549,,[],0,"[186, -2640, 178, -67]"
1608810921856985364,,[],0,"[186, -2640, 178, -67]"
1608810921856997837,,[],0,"[177, -2579, 170, -65]"
1608810921880993781,,[],0,"[177, -2579, 170, -65]"
1608810921910358857,,[],0,"[177, -2579, 170, -65]"
1608810921910398564,,[],0,"[177, -2579, 170, -65]"
1608810921938146559,,[],0,"[177, -2579, 170, -65]"
1608810921962964198,,[],0,"[177, -2579, 170, -65]"
1608810922002249947,,[],0,"[177, -2579, 170, -65]"
1608810922002423057,,[],0,"[177, -2579, 170, -65]"
1608810922036512079,,[],0,"[177, -2579, 170, -65]"
1608810922084455506,,[],0,"[177, -2579, 170, -65]"
1608810922084469602,,[],0,"[177, -2579, 170, -65]"
1608810922084489942,,[],0,"[177, -2579, 170, -65]"
1608810922114295562,,[],0,"[177, -2579, 170, -65]"
1608810922114322179,,[],0,"[177, -2579, 170, -65]"
1608810922177033812,,[],0,"[171, -2575, 164, -63]"
1608810922177045104,,[],0,"[171, -2575, 164, -63]"
1608810922177054578,,[],0,"[171, -2575, 164, -63]"
1608810922213352423,,[],0,"[171, -2575, 164, -63]"
1608810922213393833,,[],0,"[171, -2575, 164, -63]"
1608810922249279520,,[],0,"[171, -2575, 164, -63]"
1608810922275757278,,[],0,"[171, -2575, 164, -63]"
1608810922275775398,,[],0,"[171, -2575, 164, -63]"
1608810922304092573,,[],0,"[171, -2575, 164, -63]"
1608810922338266129,,[],0,"[171, -2575, 164, -63]"
1608810922365110675,,[],0,"[171, -2575, 164, -63]"
1608810922365450924,,[],0,"[154, -3376, 149, -44]"
1608810922399397091,,[],0,"[154, -3376, 149, -44]"
1608810922399419388,,[],0,"[154, -3376, 149, -44]"
1608810922431321551,,[],0,"[154, -3376, 149, -44]"
1608810922455631534,,[],0,"[154, -3376, 149, -44]"
1608810922455806365,,[],0,"[154, -3376, 149, -44]"
1608810922491771906,,[],0,"[154, -3376, 149, -44]"
1608810922491848055,,[],0,"[154, -3376, 149, -44]"
1608810922527227644,,[],0,"[154, -3376, 149, -44]"
1608810922547538333,,[],0,"[154, -3376, 149, -44]"
1608810922585401035,,[],0,"[154, -3376, 149, -44]"
1608810922585452833,,[],0,"[154, -3376, 149, -44]"
1608810922610546126,,[],0,"[154, -3376, 149, -44]"
1608810922633889699,,[],0,"[142, -3843, 138, -35]"
1608810922633944053,,[],0,"[142, -3843, 138, -35]"
1608810922657949948,,[],0,"[142, -3843, 138, -35]"
1608810922685588906,,[],0,"[142, -3843, 138, -35]"
1608810922710408380,,[],0,"[142, -3843, 138, -35]"
1608810922775791509,,[],0,"[142, -3843, 138, -35]"
1608810922775866094,,[],0,"[142, -3843, 138, -35]"
1608810922809324110,,[],0,"[142, -3843, 138, -35]"
1608810922809376937,,[],0,"[142, -3843, 138, -35]"
1608810922809409346,,[],0,"[142, -3843, 138, -35]"
1608810922850628434,,[],0,"[142, -3843, 138, -35]"
1608810922850698709,,[],0,"[142, -3843, 138, -35]"
1608810922893004125,,[],0,"[142, -3843, 138, -35]"
1608810922893019996,,[],0,"[132, -3676, 128, -34]"
1608810922893046954,,[],0,"[132, -3676, 128, -34]"
1608810922924714107,,[],0,"[132, -3676, 128, -34]"
1608810922946613356,,[],0,"[132, -3676, 128, -34]"
1608810922976506473,,[],0,"[132, -3676, 128, -34]"
1608810922976533244,,[],0,"[132, -3676, 128, -34]"
1608810923001682786,,[],0,"[132, -3676, 128, -34]"
1608810923025720960,,[],0,"[132, -3676, 128, -34]"
1608810923055276023,,[],0,"[132, -3676, 128, -34]"
1608810923055296569,,[],0,"[132, -3676, 128, -34]"
1608810923097560020,,[],0,"[132, -3676, 128, -34]"
1608810923126583092,,[],0,"[132, -3676, 128, -34]"
1608810923126589976,,[],0,"[121, -3839, 117, -30]"
1608810923140667081,,[],0,"[121, -3839, 117, -30]"
1608810923159226875,,[],0,"[121, -3839, 117, -30]"
1608810923189824268,,[],0,"[121, -3839, 117, -30]"
1608810923225335744,,[],0,"[121, -3839, 117, -30]"
1608810923225414035,,[],0,"[121, -3839, 117, -30]"
1608810923243330116,,[],0,"[121, -3839, 117, -30]"
1608810923280303279,,[],0,"[121, -3839, 117, -30]"
1608810923313355210,,[],0,"[121, -3839, 117, -30]"
1608810923313394648,,[],0,"[121, -3839, 117, -30]"
1608810923334052309,,[],0,"[121, -3839, 117, -30]"
1608810923334208623,,[],0,"[121, -3839, 117, -30]"
1608810923363563254,,[],0,"[121, -3839, 117, -30]"
1608810923392846264,,[],0,"[121, -3839, 117, -30]"
1608810923392869892,,[],0,"[121, -3839, 117, -30]"
1608810923425346959,,[],0,"[112, -3316, 108, -32]"
1608810923447481473,,[],0,"[112, -3316, 108, -32]"
1608810923463129834,,[],0,"[112, -3316, 108, -32]"
1608810923502895113,,[],0,"[112, -3316, 108, -32]"
1608810923524217153,,[],0,"[112, -3316, 108, -32]"
1608810923524303581,,[],0,"[112, -3316, 108, -32]"
1608810923554713512,,[],0,"[112, -3316, 108, -32]"
1608810923583623049,,[],0,"[112, -3316, 108, -32]"
1608810923583647155,,[],0,"[112, -3316, 108, -32]"
1608810923608580808,,[],0,"[112, -3316, 108, -32]"
1608810923643148816,,[],0,"[112, -3316, 108, -32]"
1608810923667751133,,[],0,"[112, -3316, 108, -32]"
1608810923667820089,,[],0,"[105, -3296, 102, -30]"
1608810923691875698,,[],0,"[105, -3296, 102, -30]"
1608810923691932527,,[],0,"[105, -3296, 102, -30]"
1608810923728716850,,[],0,"[105, -3296, 102, -30]"
1608810923752053243,,[],0,"[105, -3296, 102, -30]"
1608810923752087842,,[],0,"[105, -3296, 102, -30]"
1608810923782181319,,[],0,"[105, -3296, 102, -30]"
1608810923817145159,,[],0,"[105, -3296, 102, -30]"
1608810923845375781,,[],0,"[105, -3296, 102, -30]"
1608810923845437471,,[],0,"[105, -3296, 102, -30]"
1608810923866647740,,[],0,"[105, -3296, 102, -30]"
1608810923889577801,,[],0,"[105, -3296, 102, -30]"
1608810923916737283,,[],0,"[105, -3296, 102, -30]"
1608810923916755081,,[],0,"[105, -3296, 102, -30]"
1608810923945712710,,[],0,"[102, -3188, 99, -31]"
1608810923977501707,,[],0,"[102, -3188, 99, -31]"
1608810923998063981,,[],0,"[102, -3188, 99, -31]"
1608810923998118708,,[],0,"[102, -3188, 99, -31]"
1608810924025075297,,[],0,"[102, -3188, 99, -31]"
1608810924046235552,,[],0,"[102, -3188, 99, -31]"
1608810924113105148,,[],0,"[102, -3188, 99, -31]"
1608810924113187025,,[],0,"[102, -3188, 99, -31]"
1608810924113207984,,[],0,"[102, -3188, 99, -31]"
1608810924168763565,,[],0,"[102, -3188, 99, -31]"
1608810924168769135,,[],0,"[102, -3188, 99, -31]"
1608810924203535481,,[],0,"[102, -3188, 99, -31]"
1608810924203621936,,[],0,"[102, -3188, 99, -31]"
1608810924203642966,,[],0,"[94, -2866, 90, -31]"
1608810924234486241,,[],0,"[94, -2866, 90, -31]"
1608810924273569665,,[],0,"[94, -2866, 90, -31]"
1608810924273657466,,[],0,"[94, -2866, 90, -31]"
1608810924294561842,,[],0,"[94, -2866, 90, -31]"
1608810924294622586,,[],0,"[94, -2866, 90, -31]"
1608810924314999728,,[],0,"[94, -2866, 90, -31]"
1608810924349587509,,[],0,"[94, -2866, 90, -31]"
1608810924367482993,,[],0,"[94, -2866, 90, -31]"
1608810924390634677,,[],0,"[94, -2866, 90, -31]"
1608810924415099764,,[],0,"[94, -2866, 90, -31]"
1608810924440386751,,[],0,"[94, -2866, 90, -31]"
1608810924440580926,,[],0,"[88, -3001, 85, -28]"
1608810924460603115,,[],0,"[88, -3001, 85, -28]"
1608810924475569523,,[],0,"[88, -3001, 85, -28]"
1608810924497635096,,[],0,"[88, -3001, 85, -28]"
1608810924512174329,,[],0,"[88, -3001, 85, -28]"
1608810924531375177,,[],0,"[88, -3001, 85, -28]"
1608810924552524906,,[],0,"[88, -3001, 85, -28]"
1608810924572278657,,[],0,"[88, -3001, 85, -28]"
1608810924596437185,,[],0,"[88, -3001, 85, -28]"
1608810924622046794,,[],0,"[88, -3001, 85, -28]"
1608810924642202623,,[],0,"[88, -3001, 85, -28]"
1608810924667443287,,[],0,"[88, -3001, 85, -28]"
1608810924712823514,,[],0,"[84, -2804, 81, -29]"
1608810924712850538,,[],0,"[84, -2804, 81, -29]"
1608810924745067194,,[],0,"[84, -2804, 81, -29]"
1608810924745096993,,[],0,"[84, -2804, 81, -29]"
1608810924763410903,,[],0,"[84, -2804, 81, -29]"
1608810924787346232,,[],0,"[84, -2804, 81, -29]"
1608810924805567819,,[],0,"[84, -2804, 81, -29]"
1608810924826318891,,[],0,"[84, -2804, 81, -29]"
1608810924859751735,,[],0,"[84, -2804, 81, -29]"
1608810924859810556,,[],0,"[84, -2804, 81, -29]"
1608810924887730137,,[],0,"[84, -2804, 81, -29]"
1608810924909115862,,[],0,"[84, -2804, 81, -29]"
1608810924928453702,,[],0,"[84, -2804, 81, -29]"
1608810924963475800,,[],0,"[84, -2804, 81, -29]"
1608810924963503691,,[],0,"[84, -2804, 81, -29]"
1608810924993836113,,[],0,"[80, -2916, 77, -26]"
1608810925020938758,,[],0,"[80, -2916, 77, -26]"
1608810925021218282,,[],0,"[80, -2916, 77, -26]"
1608810925059359909,,[],0,"[80, -2916, 77, -26]"
1608810925059400974,,[],0,"[80, -2916, 77, -26]"
1608810925087103578,,[],0,"[80, -2916, 77, -26]"
1608810925109080156,,[],0,"[80, -2916, 77, -26]"
1608810925126739732,,[],0,"[80, -2916, 77, -26]"
1608810925141065268,,[],0,"[80, -2916, 77, -26]"
1608810925165368894,,[],0,"[80, -2916, 77, -26]"
1608810925181238564,,[],0,"[80, -2916, 77, -26]"
1608810925211270294,,[],0,"[80, -2916, 77, -26]"
1608810925226241134,,[],0,"[80, -2916, 77, -26]"
1608810925248823983,,[],0,"[77, -2780, 74, -26]"
1608810925268681814,,[],0,"[77, -2780, 74, -26]"
1608810925286649622,,[],0,"[77, -2780, 74, -26]"
1608810925331115184,,[],0,"[77, -2780, 74, -26]"
1608810925359600742,,[],0,"[77, -2780, 74, -26]"
1608810925359624642,,[],0,"[77, -2780, 74, -26]"
1608810925359641397,,[],0,"[77, -2780, 74, -26]"
1608810925375811500,,[],0,"[77, -2780, 74, -26]"
1608810925397910121,,[],0,"[77, -2780, 74, -26]"
1608810925412931338,,[],0,"[77, -2780, 74, -26]"
1608810925437179047,,[],0,"[77, -2780, 74, -26]"
1608810925467831560,,[],0,"[77, -2780, 74, -26]"
1608810925500147301,,[],0,"[77, -2780, 74, -26]"
1608810925500190653,,[],0,"[70, -2363, 67, -28]"
1608810925519032713,,[],0,"[70, -2363, 67, -28]"
1608810925535129635,,[],0,"[70, -2363, 67, -28]"
1608810925560968655,,[],0,"[70, -2363, 67, -28]"
1608810925590364994,,[],0,"[70, -2363, 67, -28]"
1608810925609515249,,[],0,"[70, -2363, 67, -28]"
1608810925629651697,,[],0,"[70, -2363, 67, -28]"
1608810925655110112,,[],0,"[70, -2363, 67, -28]"
1608810925655377084,,[],0,"[70, -2363, 67, -28]"
1608810925697343872,,[],0,"[70, -2363, 67, -28]"
1608810925716288842,,[],0,"[70, -2363, 67, -28]"
1608810925737120531,,[],0,"[70, -2363, 67, -28]"
1608810925737230057,,[],0,"[70, -2363, 67, -28]"
1608810925774348496,,[],0,"[70, -2363, 67, -28]"
1608810925807006037,,[],0,"[70, -2363, 67, -28]"
1608810925807039142,,[],0,"[66, -2189, 63, -28]"
1608810925828773494,,[],0,"[66, -2189, 63, -28]"
1608810925857411187,,[],0,"[66, -2189, 63, -28]"
1608810925880365144,,[],0,"[66, -2189, 63, -28]"
1608810925880471854,,[],0,"[66, -2189, 63, -28]"
1608810925897872777,,[],0,"[66, -2189, 63, -28]"
1608810925926046075,,[],0,"[66, -2189, 63, -28]"
1608810925957564731,,[],0,"[66, -2189, 63, -28]"
1608810925985944585,,[],0,"[66, -2189, 63, -28]"
1608810925985989539,,[],0,"[66, -2189, 63, -28]"
1608810926024785782,,[],0,"[66, -2189, 63, -28]"
1608810926047109090,,[],0,"[66, -2189, 63, -28]"
1608810926047138808,,[],0,"[61, -2151, 58, -27]"
1608810926074744173,,[],0,"[61, -2151, 58, -27]"
1608810926094392767,,[],0,"[61, -2151, 58, -27]"
1608810926114346925,,[],0,"[61, -2151, 58, -27]"
1608810926135368619,,[],0,"[61, -2151, 58, -27]"
1608810926157279495,,[],0,"[61, -2151, 58, -27]"
1608810926191710160,,[],0,"[61, -2151, 58, -27]"
1608810926191821927,,[],0,"[61, -2151, 58, -27]"
1608810926214170406,,[],0,"[61, -2151, 58, -27]"
1608810926240598932,,[],0,"[61, -2151, 58, -27]"
1608810926278631450,,[],0,"[61, -2151, 58, -27]"
1608810926278666717,,[],0,"[61, -2151, 58, -27]"
1608810926313436946,,[],0,"[61, -2151, 58, -27]"
1608810926313465228,,[],0,"[58, -2211, 55, -25]"
1608810926337267305,,[],0,"[58, -2211, 55, -25]"
1608810926337278077,,[],0,"[58, -2211, 55, -25]"
1608810926366964612,,[],0,"[58, -2211, 55, -25]"
1608810926389925331,,[],0,"[58, -2211, 55, -25]"
1608810926407525676,,[],0,"[58, -2211, 55, -25]"
1608810926431134846,,[],0,"[58, -2211, 55, -25]"
1608810926458542444,,[],0,"[58, -2211, 55, -25]"
1608810926491792476,,[],0,"[58, -2211, 55, -25]"
1608810926491844050,,[],0,"[58, -2211, 55, -25]"
1608810926521542953,,[],0,"[58, -2211, 55, -25]"
1608810926523098474,,[],0,"[58, -2211, 55, -25]"
1608810926549404136,,[],0,"[54, -1932, 51, -26]"
1608810926573777846,,[],0,"[54, -1932, 51, -26]"
1608810926608928245,,[],0,"[54, -1932, 51, -26]"
1608810926609156678,,[],0,"[54, -1932, 51, -26]"
1608810926628994102,,[],0,"[54, -1932, 51, -26]"
1608810926642963149,,[],0,"[54, -1932, 51, -26]"
1608810926657782246,,[],0,"[54, -1932, 51, -26]"
1608810926674698346,,[],0,"[54, -1932, 51, -26]"
1608810926706696194,,[],0,"[54, -1932, 51, -26]"
1608810926734686217,,[],0,"[54, -1932, 51, -26]"
1608810926752526280,,[],0,"[54, -1932, 51, -26]"
1608810926801653164,,[],0,"[54, -1932, 51, -26]"
1608810926801658792,,[],0,"[54, -1932, 51, -26]"
1608810926801678196,,[],0,"[54, -1932, 51, -26]"
1608810926821994224,,[],0,"[54, -1932, 51, -26]"
1608810926843362849,,[],0,"[54, -1932, 51, -26]"
1608810926863333854,,[],0,"[50, -3035, 48, -15]"
1608810926885249653,,[],0,"[50, -3035, 48, -15]"
1608810926908291221,,[],0,"[50, -3035, 48, -15]"
1608810926929512609,,[],0,"[50, -3035, 48, -15]"
1608810926958965024,,[],0,"[50, -3035, 48, -15]"
1608810926975586131,,[],0,"[50, -3035, 48, -15]"
1608810926975680304,,[],0,"[50, -3035, 48, -15]"
1608810927005855529,,[],0,"[50, -3035, 48, -15]"
1608810927032351154,,[],0,"[50, -3035, 48, -15]"
1608810927064376918,,[],0,"[50, -3035, 48, -15]"
1608810927064412043,,[],0,"[50, -3035, 48, -15]"
1608810927082363786,,[],0,"[50, -3035, 48, -15]"
1608810927102186049,,[],0,"[50, -3035, 48, -15]"
1608810927121970333,,[],0,"[48, -2207, 45, -20]"
1608810927142035300,,[],0,"[48, -2207, 45, -20]"
1608810927163145035,,[],0,"[48, -2207, 45, -20]"
1608810927185494889,,[],0,"[48, -2207, 45, -20]"
1608810927210372274,,[],0,"[48, -2207, 45, -20]"
1608810927245189916,,[],0,"[48, -2207, 45, -20]"
1608810927245372834,,[],0,"[48, -2207, 45, -20]"
1608810927278657611,,[],0,"[48, -2207, 45, -20]"
1608810927304129504,,[],0,"[48, -2207, 45, -20]"
1608810927324322721,,[],0,"[48, -2207, 45, -20]"
1608810927324358998,,[],0,"[48, -2207, 45, -20]"
1608810927356616854,,[],0,"[48, -2207, 45, -20]"
1608810927409883185,,[],0,"[48, -2207, 45, -20]"
1608810927409896605,,[],0,"[48, -2207, 45, -20]"
1608810927409914442,,[],0,"[48, -2207, 45, -20]"
1608810927432530308,,[],0,"[45, -1978, 42, -21]"
1608810927461688195,,[],0,"[45, -1978, 42, -21]"
1608810927492166336,,[],0,"[45, -1978, 42, -21]"
1608810927492206585,,[],0,"[45, -1978, 42, -21]"
1608810927520868190,,[],0,"[45, -1978, 42, -21]"
1608810927540506755,,[],0,"[45, -1978, 42, -21]"
1608810927556529394,,[],0,"[45, -1978, 42, -21]"
1608810927571891092,,[],0,"[45, -1978, 42, -21]"
1608810927596338336,,[],0,"[45, -1978, 42, -21]"
1608810927624082717,,[],0,"[45, -1978, 42, -21]"
1608810927624102145,,[],0,"[45, -1978, 42, -21]"
1608810927649052209,,[],0,"[45, -1978, 42, -21]"
1608810927675455996,,[],0,"[43, -2189, 41, -18]"
1608810927688635873,,[],0,"[43, -2189, 41, -18]"
1608810927710964458,,[],0,"[43, -2189, 41, -18]"
1608810927736294288,,[],0,"[43, -2189, 41, -18]"
1608810927753951438,,[],0,"[43, -2189, 41, -18]"
1608810927773639589,,[],0,"[43, -2189, 41, -18]"
1608810927789933473,,[],0,"[43, -2189, 41, -18]"
1608810927818163790,,[],0,"[43, -2189, 41, -18]"
1608810927841347823,,[],0,"[43, -2189, 41, -18]"
1608810927890574087,,[],0,"[43, -2189, 41, -18]"
1608810927890581512,,[],0,"[43, -2189, 41, -18]"
1608810927890641288,,[],0,"[43, -2189, 41, -18]"
1608810927913410621,,[],0,"[43, -2189, 41, -18]"
1608810927977989684,,[],0,"[43, -2181, 41, -18]"
1608810927978002404,,[],0,"[43, -2181, 41, -18]"
1608810927978041884,,[],0,"[43, -2181, 41, -18]"
1608810928002221958,,[],0,"[43, -2181, 41, -18]"
1608810928031673947,,[],0,"[43, -2181, 41, -18]"
1608810928031703373,,[],0,"[43, -2181, 41, -18]"
1608810928060369174,,[],0,"[43, -2181, 41, -18]"
1608810928091894715,,[],0,"[43, -2181, 41, -18]"
1608810928115323220,,[],0,"[43, -2181, 41, -18]"
1608810928115408281,,[],0,"[43, -2181, 41, -18]"
1608810928149269922,,[],0,"[43, -2181, 41, -18]"
1608810928189100891,,[],0,"[43, -2181, 41, -18]"
1608810928189124964,,[],0,"[40, -2457, 38, -15]"
1608810928216614226,,[],0,"[40, -2457, 38, -15]"
1608810928216703848,,[],0,"[40, -2457, 38, -15]"
1608810928237713771,,[],0,"[40, -2457, 38, -15]"
1608810928274548475,,[],0,"[40, -2457, 38, -15]"
1608810928274606549,,[],0,"[40, -2457, 38, -15]"
1608810928307974740,,[],0,"[40, -2457, 38, -15]"
1608810928397810778,,[],0,"[40, -2457, 38, -15]"
1608810928397825371,,[],0,"[40, -2457, 38, -15]"
1608810928425096724,,[],0,"[40, -2457, 38, -15]"
1608810928425105560,,[],0,"[40, -2457, 38, -15]"
1608810928425112826,,[],0,"[40, -2457, 38, -15]"
1608810928425579739,,[],0,"[40, -2457, 38, -15]"
1608810928447950543,,[],0,"[40, -2278, 38, -16]"
1608810928447981730,,[],0,"[40, -2278, 38, -16]"
1608810928479129436,,[],0,"[40, -2278, 38, -16]"
1608810928506680222,,[],0,"[40, -2278, 38, -16]"
1608810928531309922,,[],0,"[40, -2278, 38, -16]"
1608810928531407314,,[],0,"[40, -2278, 38, -16]"
1608810928561593359,,[],0,"[40, -2278, 38, -16]"
1608810928588587568,,[],0,"[40, -2278, 38, -16]"
1608810928588609937,,[],0,"[40, -2278, 38, -16]"
1608810928629738385,,[],0,"[40, -2278, 38, -16]"
1608810928651099665,,[],0,"[40, -2278, 38, -16]"
1608810928651132964,,[],0,"[40, -2278, 38, -16]"
1608810928683907166,,[],0,"[40, -2278, 38, -16]"
1608810928710413323,,[],0,"[40, -2278, 38, -16]"
1608810928710428965,,[],0,"[37, -2641, 36, -13]"
1608810928729910911,,[],0,"[37, -2641, 36, -13]"
1608810928759666235,,[],0,"[37, -2641, 36, -13]"
1608810928793166780,,[],0,"[37, -2641, 36, -13]"
1608810928793219772,,[],0,"[37, -2641, 36, -13]"
1608810928833127939,,[],0,"[37, -2641, 36, -13]"
1608810928866529788,,[],0,"[37, -2641, 36, -13]"
1608810928866562448,,[],0,"[37, -2641, 36, -13]"
1608810928933957882,,[],0,"[37, -2641, 36, -13]"
1608810928934097664,,[],0,"[37, -2641, 36, -13]"
1608810928971150615,,[],0,"[37, -2641, 36, -13]"
1608810928971165132,,[],0,"[37, -2641, 36, -13]"
1608810928971184355,,[],0,"[37, -2641, 36, -13]"
1608810928971204151,,[],0,"[36, -2109, 34, -16]"
1608810929021966716,,[],0,"[36, -2109, 34, -16]"
1608810929048851758,,[],0,"[36, -2109, 34, -16]"
1608810929048870703,,[],0,"[36, -2109, 34, -16]"
1608810929048881875,,[],0,"[36, -2109, 34, -16]"
1608810929085220037,,[],0,"[36, -2109, 34, -16]"
1608810929100379895,,[],0,"[36, -2109, 34, -16]"
1608810929100398052,,[],0,"[36, -2109, 34, -16]"
1608810929121426523,,[],0,"[36, -2109, 34, -16]"
1608810929146638021,,[],0,"[36, -2109, 34, -16]"
1608810929165418980,,[],0,"[36, -2109, 34, -16]"
1608810929190308893,,[],0,"[36, -2109, 34, -16]"
1608810929217374766,,[],0,"[33, -1933, 31, -16]"
1608810929263787269,,[],0,"[33, -1933, 31, -16]"
1608810929264086866,,[],0,"[33, -1933, 31, -16]"
1608810929281924621,,[],0,"[33, -1933, 31, -16]"
1608810929301888544,,[],0,"[33, -1933, 31, -16]"
1608810929328154627,,[],0,"[33, -1933, 31, -16]"
1608810929345677718,,[],0,"[33, -1933, 31, -16]"
1608810929345696761,,[],0,"[33, -1933, 31, -16]"
1608810929365630464,,[],0,"[33, -1933, 31, -16]"
1608810929381597588,,[],0,"[33, -1933, 31, -16]"
1608810929397673739,,[],0,"[33, -1933, 31, -16]"
1608810929418663020,,[],0,"[33, -1933, 31, -16]"
1608810929439972273,,[],0,"[32, -2052, 30, -14]"
1608810929462766818,,[],0,"[32, -2052, 30, -14]"
1608810929482015321,,[],0,"[32, -2052, 30, -14]"
1608810929504214612,,[],0,"[32, -2052, 30, -14]"
1608810929529558830,,[],0,"[32, -2052, 30, -14]"
1608810929547923623,,[],0,"[32, -2052, 30, -14]"
1608810929573853600,,[],0,"[32, -2052, 30, -14]"
1608810929590624952,,[],0,"[32, -2052, 30, -14]"
1608810929612861145,,[],0,"[32, -2052, 30, -14]"
1608810929653714120,,[],0,"[32, -2052, 30, -14]"
1608810929687065438,,[],0,"[32, -2052, 30, -14]"
1608810929687097503,,[],0,"[32, -2052, 30, -14]"
1608810929709872428,,[],0,"[32, -2052, 30, -14]"
1608810929709897859,,[],0,"[32, -2052, 30, -14]"
1608810929733248431,,[],0,"[30, -1851, 28, -15]"
1608810929751677245,,[],0,"[30, -1851, 28, -15]"
1608810929774484999,,[],0,"[30, -1851, 28, -15]"
1608810929792375019,,[],0,"[30, -1851, 28, -15]"
1608810929817859895,,[],0,"[30, -1851, 28, -15]"
1608810929834410757,,[],0,"[30, -1851, 28, -15]"
1608810929858869052,,[],0,"[30, -1851, 28, -15]"
1608810929877591420,,[],0,"[30, -1851, 28, -15]"
1608810929903848597,,[],0,"[30, -1851, 28, -15]"
1608810929930254938,,[],0,"[30, -1851, 28, -15]"
1608810929958353146,,[],0,"[30, -1851, 28, -15]"
1608810929958377887,,[],0,"[30, -1851, 28, -15]"
1608810929981299633,,[],0,"[30, -1851, 28, -15]"
1608810930006275014,,[],0,"[29, -1608, 27, -17]"
1608810930036339921,,[],0,"[29, -1608, 27, -17]"
1608810930036509786,,[],0,"[29, -1608, 27, -17]"
1608810930061150720,,[],0,"[29, -1608, 27, -17]"
1608810930095010184,,[],0,"[29, -1608, 27, -17]"
1608810930095059718,,[],0,"[29, -1608, 27, -17]"
1608810930132781141,,[],0,"[29, -1608, 27, -17]"
1608810930165525497,,[],0,"[29, -1608, 27, -17]"
1608810930165657511,,[],0,"[29, -1608, 27, -17]"
1608810930198514912,,[],0,"[29, -1608, 27, -17]"
1608810930198549635,,[],0,"[29, -1608, 27, -17]"
1608810930252751115,,[],0,"[29, -1608, 27, -17]"
1608810930252756015,,[],0,"[29, -1608, 27, -17]"
1608810930252760697,,[],0,"[29, -1608, 27, -17]"
1608810930302916384,,[],0,"[29, -1608, 27, -17]"
1608810930302968870,,[],0,"[28, -1402, 26, -18]"
1608810930345041914,,[],0,"[28, -1402, 26, -18]"
1608810930371697729,,[],0,"[28, -1402, 26, -18]"
1608810930371709557,,[],0,"[28, -1402, 26, -18]"
1608810930432880350,,[],0,"[28, -1402, 26, -18]"
1608810930433362959,,[],0,"[28, -1402, 26, -18]"
1608810930483458577,,[],0,"[28, -1402, 26, -18]"
1608810930483480194,,[],0,"[28, -1402, 26, -18]"
1608810930483509983,,[],0,"[28, -1402, 26, -18]"
1608810930508286573,,[],0,"[28, -1402, 26, -18]"
1608810930508309765,,[],0,"[28, -1402, 26, -18]"
1608810930554393391,,[],0,"[28, -1402, 26, -18]"
1608810930554452309,,[],0,"[25, -1410, 23, -16]"
1608810930582090651,,[],0,"[25, -1410, 23, -16]"
1608810930582131893,,[],0,"[25, -1410, 23, -16]"
1608810930605099060,,[],0,"[25, -1410, 23, -16]"
1608810930640498935,,[],0,"[25, -1410, 23, -16]"
1608810930640562439,,[],0,"[25, -1410, 23, -16]"
1608810930664249250,,[],0,"[25, -1410, 23, -16]"
1608810930687397026,,[],0,"[25, -1410, 23, -16]"
1608810930687430380,,[],0,"[25, -1410, 23, -16]"
1608810930718370649,,[],0,"[25, -1410, 23, -16]"
1608810930764327416,,[],0,"[25, -1410, 23, -16]"
1608810930812658595,,[],0,"[25, -1410, 23, -16]"
1608810930812725701,,[],0,"[25, -1410, 23, -16]"
1608810930812752181,,[],0,"[25, -1410, 23, -16]"
1608810930877841451,,[],0,"[23, -1863, 22, -11]"
1608810930878027231,,[],0,"[23, -1863, 22, -11]"
1608810930907825056,,[],0,"[23, -1863, 22, -11]"
1608810930907835504,,[],0,"[23, -1863, 22, -11]"
1608810930907901999,,[],0,"[23, -1863, 22, -11]"
1608810930947549279,,[],0,"[23, -1863, 22, -11]"
1608810930947585992,,[],0,"[23, -1863, 22, -11]"
1608810930998146374,,[],0,"[23, -1863, 22, -11]"
1608810930998247287,,[],0,"[23, -1863, 22, -11]"
1608810931027929770,,[],0,"[23, -1863, 22, -11]"
1608810931027946518,,[],0,"[23, -1863, 22, -11]"
1608810931093190866,,[],0,"[23, -1863, 22, -11]"
1608810931093197456,,[],0,"[23, -1863, 22, -11]"
1608810931093224340,,[],0,"[23, -1863, 22, -11]"
1608810931127173976,,[],0,"[21, -1289, 19, -15]"
1608810931127200652,,[],0,"[21, -1289, 19, -15]"
1608810931161504042,,[],0,"[21, -1289, 19, -15]"
1608810931161560847,,[],0,"[21, -1289, 19, -15]"
1608810931194890180,,[],0,"[21, -1289, 19, -15]"
1608810931263757880,,[],0,"[21, -1289, 19, -15]"
1608810931263777324,,[],0,"[21, -1289, 19, -15]"
1608810931284554014,,[],0,"[21, -1289, 19, -15]"
1608810931284602012,,[],0,"[21, -1289, 19, -15]"
1608810931285750033,,[],0,"[21, -1289, 19, -15]"
1608810931325502563,,[],0,"[21, -1289, 19, -15]"
1608810931347857683,,[],0,"[21, -1289, 19, -15]"
1608810931347887154,,[],0,"[21, -1289, 19, -15]"
1608810931374456952,,[],0,"[21, -1289, 19, -15]"
1608810931374554137,,[],0,"[21, -1289, 19, -15]"
1608810931400968687,,[],0,"[21, -1289, 19, -15]"
1608810931464437751,,[],0,"[21, -1289, 19, -15]"
1608810931503014677,,[],0,"[21, -1289, 19, -15]"
1608810931503071804,,[],0,"[21, -1289, 19, -15]"
1608810931503095268,,[],0,"[21, -1289, 19, -15]"
1608810931531592328,,[],0,"[21, -1289, 19, -15]"
1608810931531667674,,[],0,"[21, -1289, 19, -15]"
1608810931558287712,,[],0,"[21, -1289, 19, -15]"
1608810931558315372,,[],0,"[21, -1289, 19, -15]"
1608810931582358171,,[],0,"[21, -1289, 19, -15]"
1608810931612864893,,[],0,"[21, -1289, 19, -15]"
1608810931612940105,,[],0,"[21, -1289, 19, -15]"
1608810931644993444,,[],0,"[21, -1289, 19, -15]"
1608810931691661385,,[],0,"[21, -1289, 19, -15]"
1608810931721916939,,[],0,"[21, -1289, 19, -15]"
1608810931721931941,,[],0,"[21, -1289, 19, -15]"
1608810931722020430,,[],0,"[21, -1289, 19, -15]"
1608810931761601971,,[],0,"[0, 0, 0, 0]"
1608810931794550047,,[],0,"[0, 0, 0, 0]"
1608810931794563833,,[],0,"[0, 0, 0, 0]"
1608810931794590964,,[],0,"[0, 0, 0, 0]"
1608810931823089560,,[],0,"[0, 0, 0, 0]"
1608810931853953011,,[],0,"[0, 0, 0, 0]"
1608810931894486372,,[],0,"[0, 0, 0, 0]"
1608810931894521233,,[],0,"[0, 0, 0, 0]"
1608810931921284074,,[],0,"[0, 0, 0, 0]"
1608810931921438604,,[],0,"[0, 0, 0, 0]"
1608810931950451760,,[],0,"[0, 0, 0, 0]"
1608810931976320777,,[],0,"[0, 0, 0, 0]"
1608810931976522802,,[],0,"[0, 0, 0, 0]"
1608810932022439447,,[],0,"[0, 0, 0, 0]"
1608810932035234030,,[],0,"[0, 0, 0, 0]"
1608810932035359546,,[],0,"[0, 0, 0, 0]"
1608810932061848037,,[],0,"[0, 0, 0, 0]"
1608810932094406945,,[],0,"[0, 0, 0, 0]"
1608810932130354436,,[],0,"[0, 0, 0, 0]"
1608810932130447254,,[],0,"[0, 0, 0, 0]"
1608810932154145562,,[],0,"[0, 0, 0, 0]"
1608810932183367545,,[],0,"[0, 0, 0, 0]"
1608810932183455210,,[],0,"[0, 0, 0, 0]"
1608810932221951701,,[],0,"[0, 0, 0, 0]"
1608810932221988813,,[],0,"[0, 0, 0, 0]"
1608810932239587542,,[],0,"[0, 0, 0, 0]"
1608810932266621557,,[],0,"[0, 0, 0, 0]"
1608810932287760675,,[],0,"[0, 0, 0, 0]"
1608810932318261470,,[],0,"[0, 0, 0, 0]"
1608810932479311809,,[],0,"[0, 0, 0, 0]"
1608810932479357211,,[],0,"[0, 0, 0, 0]"
1608810932479451901,,[],0,"[0, 0, 0, 0]"
1608810932500111229,,[],0,"[0, 0, 0, 0]"
1608810932500129024,,[],0,"[0, 0, 0, 0]"
1608810932500158155,,[],0,"[0, 0, 0, 0]"
1608810932500170118,,[],0,"[0, 0, 0, 0]"
1608810932500187007,,[],0,"[0, 0, 0, 0]"
1608810932500267594,,[],0,"[0, 0, 0, 0]"
1608810932500290844,,[],0,"[0, 0, 0, 0]"
1608810932517760856,,[],0,"[0, 0, 0, 0]"
1608810932548186430,,[],0,"[0, 0, 0, 0]"
1608810932581366945,,[],0,"[0, 0, 0, 0]"
1608810932581430563,,[],0,"[0, 0, 0, 0]"
1608810932602447532,,[],0,"[0, 0, 0, 0]"
1608810932626437881,,[],0,"[0, 0, 0, 0]"
1608810932661586385,,[],0,"[0, 0, 0, 0]"
1608810932696037761,,[],0,"[0, 0, 0, 0]"
1608810932696085931,,[],0,"[0, 0, 0, 0]"
1608810932716952677,,[],0,"[0, 0, 0, 0]"
1608810932717000521,,[],0,"[0, 0, 0, 0]"
1608810932746581327,,[],0,"[0, 0, 0, 0]"
1608810932763220587,,[],0,"[0, 0, 0, 0]"
1608810932779832496,,[],0,"[0, 0, 0, 0]"
1608810932800322370,,[],0,"[0, 0, 0, 0]"
1608810932818800403,,[],0,"[0, 0, 0, 0]"
1608810932838798643,,[],0,"[0, 0, 0, 0]"
1608810932873091705,,[],0,"[0, 0, 0, 0]"
1608810932897527201,,[],0,"[0, 0, 0, 0]"
1608810932913245938,,[],0,"[0, 0, 0, 0]"
1608810932913280050,,[],0,"[0, 0, 0, 0]"
1608810932938136279,,[],0,"[0, 0, 0, 0]"
1608810932956508913,,[],0,"[0, 0, 0, 0]"
1608810932986044158,,[],0,"[0, 0, 0, 0]"
1608810933061578187,,[],0,"[0, 0, 0, 0]"
1608810933061597334,,[],0,"[0, 0, 0, 0]"
1608810933170276257,,[],0,"[0, 0, 0, 0]"
1608810933170282139,,[],0,"[0, 0, 0, 0]"
1608810933171315477,,[],0,"[0, 0, 0, 0]"
1608810933196364511,,[],0,"[0, 0, 0, 0]"
1608810933196372597,,[],0,"[0, 0, 0, 0]"
1608810933196380402,,[],0,"[0, 0, 0, 0]"
1608810933196390248,,[],0,"[0, 0, 0, 0]"
1608810933196397077,,[],0,"[0, 0, 0, 0]"
1608810933196418415,,[],0,"[0, 0, 0, 0]"
1608810933212133536,,[],0,"[0, 0, 0, 0]"
1608810933238633900,,[],0,"[0, 0, 0, 0]"
1608810933273857950,,[],0,"[0, 0, 0, 0]"
1608810933293548531,,[],0,"[0, 0, 0, 0]"
1608810933325013274,,[],0,"[0, 0, 0, 0]"
1608810933325029636,,[],0,"[0, 0, 0, 0]"
1608810933347271625,,[],0,"[0, 0, 0, 0]"
1608810933368666003,,[],0,"[0, 0, 0, 0]"
1608810933389199294,,[],0,"[0, 0, 0, 0]"
1608810933415171055,,[],0,"[0, 0, 0, 0]"
1608810933415183668,,[],0,"[0, 0, 0, 0]"
1608810933434769991,,[],0,"[0, 0, 0, 0]"
1608810933456218200,,[],0,"[0, 0, 0, 0]"
1608810933480089632,,[],0,"[0, 0, 0, 0]"
1608810933523246896,,[],0,"[0, 0, 0, 0]"
1608810933523263278,,[],0,"[0, 0, 0, 0]"
1608810933543041401,,[],0,"[0, 0, 0, 0]"
1608810933559798514,,[],0,"[0, 0, 0, 0]"
1608810933590253690,,[],0,"[0, 0, 0, 0]"
1608810933619580389,,[],0,"[0, 0, 0, 0]"
1608810933651260846,,[],0,"[0, 0, 0, 0]"
1608810933651293443,,[],0,"[0, 0, 0, 0]"
1608810933665983143,,[],0,"[0, 0, 0, 0]"
1608810933692848248,,[],0,"[0, 0, 0, 0]"
1608810933713353352,,[],0,"[0, 0, 0, 0]"
1608810933736270767,,[],0,"[0, 0, 0, 0]"
1608810933736344429,,[],0,"[0, 0, 0, 0]"
1608810933766535999,,[],0,"[0, 0, 0, 0]"
1608810933788719776,,[],0,"[0, 0, 0, 0]"
1608810933812981396,,[],0,"[0, 0, 0, 0]"
1608810933844485093,,[],0,"[0, 0, 0, 0]"
1608810933844516157,,[],0,"[0, 0, 0, 0]"
1608810933859602327,,[],0,"[0, 0, 0, 0]"
1608810933877557204,,[],0,"[0, 0, 0, 0]"
1608810933907127336,,[],0,"[0, 0, 0, 0]"
1608810933930287805,,[],0,"[0, 0, 0, 0]"
1608810933970583713,,[],0,"[0, 0, 0, 0]"
1608810933970606636,,[],0,"[0, 0, 0, 0]"
1608810933999245452,,[],0,"[0, 0, 0, 0]"
1608810933999352701,,[],0,"[0, 0, 0, 0]"
1608810934023833736,,[],0,"[0, 0, 0, 0]"
1608810934052339005,,[],0,"[0, 0, 0, 0]"
1608810934121749860,,[],0,"[0, 0, 0, 0]"
1608810934258596069,,[],0,"[0, 0, 0, 0]"
1608810934258653165,,[],0,"[0, 0, 0, 0]"
1608810934258661180,,[],0,"[0, 0, 0, 0]"
1608810934258740611,,[],0,"[0, 0, 0, 0]"
1608810934281763580,,[],0,"[0, 0, 0, 0]"
1608810934281780269,,[],0,"[0, 0, 0, 0]"
1608810934281814721,,[],0,"[0, 0, 0, 0]"
1608810934281829228,,[],0,"[0, 0, 0, 0]"
1608810934281898642,,[],0,"[0, 0, 0, 0]"
1608810934281910858,,[],0,"[0, 0, 0, 0]"
1608810934281963017,,[],0,"[0, 0, 0, 0]"
1608810934296525964,,[],0,"[0, 0, 0, 0]"
1608810934323782925,,[],0,"[0, 0, 0, 0]"
1608810934339072155,,[],0,"[0, 0, 0, 0]"
1608810934385476459,,[],0,"[0, 0, 0, 0]"
1608810934385548336,,[],0,"[0, 0, 0, 0]"
1608810934433369007,,[],0,"[0, 0, 0, 0]"
1608810934433422844,,[],0,"[0, 0, 0, 0]"
1608810934461036102,,[],0,"[0, 0, 0, 0]"
1608810934461065938,,[],0,"[0, 0, 0, 0]"
1608810934502595801,,[],0,"[0, 0, 0, 0]"
1608810934520808100,,[],0,"[0, 0, 0, 0]"
1608810934521402857,,[],0,"[0, 0, 0, 0]"
1608810934546796350,,[],0,"[0, 0, 0, 0]"
1608810934572321773,,[],0,"[0, 0, 0, 0]"
1608810934628148998,,[],0,"[0, 0, 0, 0]"
1608810934648607918,,[],0,"[0, 0, 0, 0]"
1608810934648859301,,[],0,"[0, 0, 0, 0]"
1608810934648912729,,[],0,"[0, 0, 0, 0]"
1608810934680428766,,[],0,"[0, 0, 0, 0]"
1608810934703719505,,[],0,"[0, 0, 0, 0]"
1608810934725700760,,[],0,"[0, 0, 0, 0]"
1608810934725719652,,[],0,"[0, 0, 0, 0]"
1608810934747726625,,[],0,"[0, 0, 0, 0]"
1608810934768501154,,[],0,"[0, 0, 0, 0]"
1608810934802933503,,[],0,"[0, 0, 0, 0]"
1608810934831496780,,[],0,"[0, 0, 0, 0]"
1608810934831516428,,[],0,"[0, 0, 0, 0]"
1608810934848891146,,[],0,"[0, 0, 0, 0]"
1608810934873657713,,[],0,"[0, 0, 0, 0]"
1608810934892961759,,[],0,"[0, 0, 0, 0]"
1608810934919489480,,[],0,"[0, 0, 0, 0]"
1608810934946305561,,[],0,"[0, 0, 0, 0]"
1608810934946328320,,[],0,"[0, 0, 0, 0]"
1608810934980026076,,[],0,"[0, 0, 0, 0]"
1608810935019389601,,[],0,"[0, 0, 0, 0]"
1608810935019421278,,[],0,"[0, 0, 0, 0]"
1608810935051318033,,[],0,"[0, 0, 0, 0]"
1608810935051532121,,[],0,"[0, 0, 0, 0]"
1608810935078214250,,[],0,"[0, 0, 0, 0]"
1608810935103132543,,[],0,"[0, 0, 0, 0]"
1608810935103153504,,[],0,"[0, 0, 0, 0]"
1608810935134961021,,[],0,"[0, 0, 0, 0]"
1608810935176893431,,[],0,"[0, 0, 0, 0]"
1608810935176930679,,[],0,"[0, 0, 0, 0]"
1608810935222722822,,[],0,"[0, 0, 0, 0]"
1608810935222796914,,[],0,"[0, 0, 0, 0]"
1608810935245831858,,[],0,"[0, 0, 0, 0]"
1608810935264031288,,[],0,"[0, 0, 0, 0]"
1608810935264046785,,[],0,"[0, 0, 0, 0]"
1608810935299659550,,[],0,"[0, 0, 0, 0]"
1608810935315770877,,[],0,"[0, 0, 0, 0]"
1608810935341399704,,[],0,"[0, 0, 0, 0]"
1608810935362485730,,[],0,"[0, 0, 0, 0]"
1608810935362502968,,[],0,"[0, 0, 0, 0]"
1608810935401893700,,[],0,"[0, 0, 0, 0]"
1608810935401924705,,[],0,"[0, 0, 0, 0]"
1608810935433563803,,[],0,"[0, 0, 0, 0]"
1608810935460638886,,[],0,"[0, 0, 0, 0]"
1608810935486294972,,[],0,"[0, 0, 0, 0]"
1608810935486331908,,[],0,"[0, 0, 0, 0]"
1608810935520869684,,[],0,"[0, 0, 0, 0]"
1608810935556146925,,[],0,"[0, 0, 0, 0]"
1608810935556240720,,[],0,"[0, 0, 0, 0]"
1608810935591695010,,[],0,"[0, 0, 0, 0]"
1608810935636222602,,[],0,"[0, 0, 0, 0]"
1608810935636242709,,[],0,"[0, 0, 0, 0]"
1608810935693907095,,[],0,"[0, 0, 0, 0]"
1608810935693977166,,[],0,"[0, 0, 0, 0]"
1608810935694114109,,[],0,"[0, 0, 0, 0]"
1608810935715031932,,[],0,"[0, 0, 0, 0]"
1608810935715052280,,[],0,"[0, 0, 0, 0]"
1608810935734833010,,[],0,"[0, 0, 0, 0]"
1608810935760991434,,[],0,"[0, 0, 0, 0]"
1608810935791471759,,[],0,"[0, 0, 0, 0]"
1608810935791510117,,[],0,"[0, 0, 0, 0]"
1608810935907468136,,[],0,"[0, 0, 0, 0]"
1608810935937044450,,[],0,"[0, 0, 0, 0]"
1608810935937211373,,[],0,"[0, 0, 0, 0]"
1608810935937336894,,[],0,"[0, 0, 0, 0]"
1608810935937357191,,[],0,"[0, 0, 0, 0]"
1608810935937376389,,[],0,"[0, 0, 0, 0]"
1608810935937394191,,[],0,"[0, 0, 0, 0]"
1608810935971047033,,[],0,"[0, 0, 0, 0]"
1608810935971142446,,[],0,"[0, 0, 0, 0]"
1608810935997085963,,[],0,"[0, 0, 0, 0]"
1608810936038775687,,[],0,"[0, 0, 0, 0]"
1608810936039035526,,[],0,"[0, 0, 0, 0]"
1608810936077662611,,[],0,"[0, 0, 0, 0]"
1608810936106401892,,[],0,"[0, 0, 0, 0]"
1608810936106480948,,[],0,"[0, 0, 0, 0]"
1608810936130200161,,[],0,"[0, 0, 0, 0]"
1608810936130224478,,[],0,"[0, 0, 0, 0]"
1608810936146116244,,[],0,"[0, 0, 0, 0]"
1608810936174064960,,[],0,"[0, 0, 0, 0]"
1608810936195507906,,[],0,"[0, 0, 0, 0]"
1608810936220485168,,[],0,"[0, 0, 0, 0]"
1608810936242057009,,[],0,"[0, 0, 0, 0]"
1608810936288890526,,[],0,"[0, 0, 0, 0]"
1608810936289017212,,[],0,"[0, 0, 0, 0]"
1608810936361380802,,[],0,"[0, 0, 0, 0]"
1608810936361424773,,[],0,"[0, 0, 0, 0]"
1608810936390904162,,[],0,"[0, 0, 0, 0]"
1608810936390987468,,[],0,"[0, 0, 0, 0]"
1608810936391009820,,[],0,"[0, 0, 0, 0]"
1608810936391059270,,[],0,"[0, 0, 0, 0]"
1608810936415692897,,[],0,"[0, 0, 0, 0]"
1608810936443968782,,[],0,"[0, 0, 0, 0]"
1608810936481999748,,[],0,"[0, 0, 0, 0]"
1608810936482058671,,[],0,"[0, 0, 0, 0]"
1608810936509297536,,[],0,"[0, 0, 0, 0]"
1608810936532203450,,[],0,"[0, 0, 0, 0]"
1608810936532286562,,[],0,"[0, 0, 0, 0]"
1608810936563545884,,[],0,"[0, 0, 0, 0]"
1608810936582481409,,[],0,"[0, 0, 0, 0]"
1608810936619744997,,[],0,"[0, 0, 0, 0]"
1608810936619797154,,[],0,"[0, 0, 0, 0]"
1608810936648460943,,[],0,"[0, 0, 0, 0]"
1608810936686535772,,[],0,"[0, 0, 0, 0]"
1608810936686609433,,[],0,"[0, 0, 0, 0]"
1608810936719370356,,[],0,"[0, 0, 0, 0]"
1608810936719491976,,[],0,"[0, 0, 0, 0]"
1608810936744024826,,[],0,"[0, 0, 0, 0]"
1608810936777660007,,[],0,"[0, 0, 0, 0]"
1608810936797623590,,[],0,"[0, 0, 0, 0]"
1608810936797646800,,[],0,"[0, 0, 0, 0]"
1608810936820584010,,[],0,"[0, 0, 0, 0]"
1608810936851345153,,[],0,"[0, 0, 0, 0]"
1608810936877401284,,[],0,"[0, 0, 0, 0]"
1608810936877493760,,[],0,"[0, 0, 0, 0]"
1608810936893223431,,[],0,"[0, 0, 0, 0]"
1608810936922297764,,[],0,"[0, 0, 0, 0]"
1608810936971038918,,[],0,"[0, 0, 0, 0]"
1608810936971052437,,[],0,"[0, 0, 0, 0]"
1608810936991534480,,[],0,"[0, 0, 0, 0]"
1608810936991630226,,[],0,"[0, 0, 0, 0]"
1608810937018809678,,[],0,"[0, 0, 0, 0]"
1608810937049369466,,[],0,"[0, 0, 0, 0]"
1608810937049406682,,[],0,"[0, 0, 0, 0]"
1608810937075827126,,[],0,"[0, 0, 0, 0]"
1608810937115004253,,[],0,"[0, 0, 0, 0]"
1608810937115055239,,[],0,"[0, 0, 0, 0]"
1608810937135401477,,[],0,"[0, 0, 0, 0]"
1608810937158251278,,[],0,"[0, 0, 0, 0]"
1608810937180108389,,[],0,"[0, 0, 0, 0]"
1608810937196497479,,[],0,"[0, 0, 0, 0]"
1608810937234956114,,[],0,"[0, 0, 0, 0]"
1608810937235008159,,[],0,"[0, 0, 0, 0]"
1608810937261447425,,[],0,"[0, 0, 0, 0]"
1608810937278589812,,[],0,"[0, 0, 0, 0]"
1608810937301155736,,[],0,"[0, 0, 0, 0]"
1608810937318823835,,[],0,"[0, 0, 0, 0]"
1608810937362867667,,[],0,"[0, 0, 0, 0]"
1608810937363012191,,[],0,"[0, 0, 0, 0]"
1608810937384287753,,[],0,"[0, 0, 0, 0]"
1608810937400144035,,[],0,"[0, 0, 0, 0]"
1608810937422150791,,[],0,"[0, 0, 0, 0]"
1608810937442749079,,[],0,"[0, 0, 0, 0]"
1608810937469499379,,[],0,"[0, 0, 0, 0]"
1608810937469543504,,[],0,"[0, 0, 0, 0]"
1608810937490429683,,[],0,"[0, 0, 0, 0]"
1608810937521406028,,[],0,"[0, 0, 0, 0]"
1608810937562369891,,[],0,"[0, 0, 0, 0]"
1608810937586678647,,[],0,"[0, 0, 0, 0]"
1608810937586691521,,[],0,"[0, 0, 0, 0]"
1608810937586717441,,[],0,"[0, 0, 0, 0]"
1608810937625826719,,[],0,"[0, 0, 0, 0]"
1608810937654278189,,[],0,"[0, 0, 0, 0]"
1608810937654390340,,[],0,"[0, 0, 0, 0]"
1608810937679582139,,[],0,"[0, 0, 0, 0]"
1608810937721953862,,[],0,"[0, 0, 0, 0]"
1608810937764793988,,[],0,"[0, 0, 0, 0]"
1608810937764846365,,[],0,"[0, 0, 0, 0]"
1608810937764963321,,[],0,"[0, 0, 0, 0]"
1608810937790593696,,[],0,"[0, 0, 0, 0]"
1608810937790632833,,[],0,"[0, 0, 0, 0]"
1608810937821688685,,[],0,"[0, 0, 0, 0]"
1608810937840746139,,[],0,"[0, 0, 0, 0]"
1608810937866380261,,[],0,"[0, 0, 0, 0]"
1608810937882477209,,[],0,"[0, 0, 0, 0]"
1608810937909116128,,[],0,"[0, 0, 0, 0]"
1608810937928653648,,[],0,"[0, 0, 0, 0]"
1608810937928683616,,[],0,"[0, 0, 0, 0]"
1608810937960385476,,[],0,"[0, 0, 0, 0]"
1608810937982218596,,[],0,"[0, 0, 0, 0]"
1608810938001030433,,[],0,"[0, 0, 0, 0]"
1608810938020027087,,[],0,"[0, 0, 0, 0]"
1608810938048255019,,[],0,"[0, 0, 0, 0]"
1608810938070350527,,[],0,"[0, 0, 0, 0]"
1608810938098365726,,[],0,"[0, 0, 0, 0]"
1608810938098383997,,[],0,"[0, 0, 0, 0]"
1608810938115702341,,[],0,"[0, 0, 0, 0]"
1608810938148217805,,[],0,"[0, 0, 0, 0]"
1608810938176536572,,[],0,"[0, 0, 0, 0]"
1608810938204819499,,[],0,"[0, 0, 0, 0]"
1608810938204867719,,[],0,"[0, 0, 0, 0]"
1608810938233016215,,[],0,"[0, 0, 0, 0]"
1608810938254746397,,[],0,"[0, 0, 0, 0]"
1608810938270739269,,[],0,"[0, 0, 0, 0]"
1608810938270753275,,[],0,"[0, 0, 0, 0]"
1608810938295391612,,[],0,"[0, 0, 0, 0]"
1608810938319838158,,[],0,"[0, 0, 0, 0]"
1608810938349112828,,[],0,"[0, 0, 0, 0]"
1608810938349156754,,[],0,"[0, 0, 0, 0]"
1608810938376244140,,[],0,"[0, 0, 0, 0]"
1608810938401201941,,[],0,"[0, 0, 0, 0]"
1608810938421203179,,[],0,"[0, 0, 0, 0]"
1608810938440314614,,[],0,"[0, 0, 0, 0]"
1608810938456424825,,[],0,"[0, 0, 0, 0]"
1608810938496711385,,[],0,"[0, 0, 0, 0]"
1608810938496802721,,[],0,"[0, 0, 0, 0]"
1608810938509068140,,[],0,"[0, 0, 0, 0]"
1608810938537539219,,[],0,"[0, 0, 0, 0]"
1608810938561493699,,[],0,"[0, 0, 0, 0]"
1608810938585070639,,[],0,"[0, 0, 0, 0]"
1608810938608957374,,[],0,"[0, 0, 0, 0]"
1608810938627902086,,[],0,"[0, 0, 0, 0]"
1608810938662165873,,[],0,"[0, 0, 0, 0]"
1608810938683639385,,[],0,"[0, 0, 0, 0]"
1608810938683678476,,[],0,"[0, 0, 0, 0]"
1608810938710380732,,[],0,"[0, 0, 0, 0]"
1608810938739810202,,[],0,"[0, 0, 0, 0]"
1608810938766815483,,[],0,"[0, 0, 0, 0]"
1608810938766891830,,[],0,"[0, 0, 0, 0]"
1608810938794481470,,[],0,"[0, 0, 0, 0]"
1608810938794499820,,[],0,"[0, 0, 0, 0]"
1608810938825558447,,[],0,"[0, 0, 0, 0]"
1608810938844742846,,[],0,"[0, 0, 0, 0]"
1608810938892606358,,[],0,"[0, 0, 0, 0]"
1608810938892634405,,[],0,"[0, 0, 0, 0]"
1608810938919523543,,[],0,"[0, 0, 0, 0]"
1608810938919571552,,[],0,"[0, 0, 0, 0]"
1608810938939422253,,[],0,"[0, 0, 0, 0]"
1608810938965059465,,[],0,"[0, 0, 0, 0]"
1608810938985927397,,[],0,"[0, 0, 0, 0]"
1608810939010402625,,[],0,"[0, 0, 0, 0]"
1608810939024164903,,[],0,"[0, 0, 0, 0]"
1608810939040024881,,[],0,"[0, 0, 0, 0]"
1608810939057114918,,[],0,"[0, 0, 0, 0]"
1608810939081125427,,[],0,"[0, 0, 0, 0]"
1608810939098072824,,[],0,"[0, 0, 0, 0]"
1608810939117022611,,[],0,"[0, 0, 0, 0]"
1608810939157050491,,[],0,"[0, 0, 0, 0]"
